Log file open, 04/11/26 08:33:16
LogConsoleResponse: Display: Failed to find resolution value strings in scalability ini. Falling back to default.
LogConsoleResponse: Display: Failed to find resolution value strings in scalability ini. Falling back to default.
LogPakFile: Display: Found Pak file ../../../WS/Content/Paks/WS-LinuxServer.pak attempting to mount.
LogPakFile: Display: Mounting pak file ../../../WS/Content/Paks/WS-LinuxServer.pak.
LogPakFile: PakFile PrimaryIndexSize=2513168
LogPakFile: PakFile PathHashIndexSize=1601072
LogPakFile: PakFile FullDirectoryIndexSize=4830512
LogShaderLibrary: Display: ShaderCodeLibraryPakFileMountedCallback: PakFile '../../../WS/Content/Paks/WS-LinuxServer.pak' (chunk index -1, root '../../../') mounted
LogShaderLibrary: Display: ShaderCodeLibraryPakFileMountedCallback: pending pak file info (ChunkID:-1 Root:../../../ File:../../../WS/Content/Paks/WS-LinuxServer.pak)
LogPakFile: OnPakFileMounted2Time == 0.000020
LogPlatformFile: Using cached read wrapper
LogTaskGraph: Started task graph with 5 named threads and 9 total threads with 1 sets of task threads.
LogStats: Stats thread started at 0.120748
LogICUInternationalization: ICU TimeZone Detection - Raw Offset: -8:00, Platform Override: ''
LogInit: Display: Loading text-based GConfig....
LogPluginManager: Mounting plugin GameplayAbilities
LogPluginManager: Mounting plugin GameplayTagsEditor
LogPluginManager: Mounting plugin DataRegistry
LogPluginManager: Mounting plugin AssetManagerEditor
LogPluginManager: Mounting plugin ModularGameplay
LogPluginManager: Mounting plugin ReplicationGraph
LogPluginManager: Mounting plugin ApexDestruction
LogPluginManager: Mounting plugin CommonUI
LogPluginManager: Mounting plugin SQLiteCore
LogPluginManager: Mounting plugin EnhancedInput
LogPluginManager: Mounting plugin OnlineSubsystem
LogPluginManager: Mounting plugin OnlineSubsystemUtils
LogPluginManager: Mounting plugin CommonLoadingScreen
LogPluginManager: Mounting plugin SteamShared
LogPluginManager: Mounting plugin OnlineFramework
LogPluginManager: Mounting plugin DungeonArchitect
LogPluginManager: Mounting plugin FSR
LogPluginManager: Mounting plugin AudioCapture
LogPluginManager: Mounting plugin PythonScriptPlugin
LogPluginManager: Mounting plugin Niagara
LogPluginManager: Mounting plugin Water
LogPluginManager: Mounting plugin Landmass
LogPluginManager: Mounting plugin GeometryProcessing
LogPluginManager: Mounting plugin BlueprintMaterialTextureNodes
LogPluginManager: Mounting plugin GASAttachEditor
LogPluginManager: Mounting plugin MovieRenderPipeline
LogPluginManager: Mounting plugin ActorLayerUtilities
LogPluginManager: Mounting plugin EditorScriptingUtilities
LogPluginManager: Mounting plugin LevelSequenceEditor
LogPluginManager: Mounting plugin OpenColorIO
LogPluginManager: Mounting plugin SequencerScripting
LogPluginManager: Mounting plugin TemplateSequence
LogPluginManager: Mounting plugin VirtualCursor
LogPluginManager: Mounting plugin DLSS
LogPluginManager: Mounting plugin EOSShared
LogPluginManager: Mounting plugin EOSVoiceChat
LogPluginManager: Mounting plugin ProceduralMeshComponent
LogPluginManager: Mounting plugin AntiGS
LogPluginManager: Mounting plugin DBAgent
LogPluginManager: Mounting plugin HVoiceCommand
LogPluginManager: Mounting plugin KawaiiPhysics
LogPluginManager: Mounting plugin LoadingScreen
LogPluginManager: Mounting plugin PacketCheckHandlerComponent
LogPluginManager: Mounting plugin SimpleUGC
LogPluginManager: Mounting plugin PluginBrowser
LogPluginManager: Mounting plugin PluginUtils
LogPluginManager: Mounting plugin Wwise
LogPluginManager: Mounting plugin GeometryMode
LogPluginManager: Mounting plugin MotionWarping
LogPluginManager: Mounting plugin CameraShakePreviewer
LogPluginManager: Mounting plugin GameplayCameras
LogPluginManager: Mounting plugin OodleData
LogPluginManager: Mounting plugin OodleNetwork
LogPluginManager: Mounting plugin AnimationSharing
LogPluginManager: Mounting plugin SignificanceManager
LogPluginManager: Mounting plugin PropertyAccessEditor
LogPluginManager: Mounting plugin FacialAnimation
LogPluginManager: Mounting plugin SpeedTreeImporter
LogPluginManager: Mounting plugin DatasmithContent
LogPluginManager: Mounting plugin VariantManagerContent
LogPluginManager: Mounting plugin AlembicImporter
LogPluginManager: Mounting plugin GeometryCache
LogPluginManager: Mounting plugin AutomationUtils
LogPluginManager: Mounting plugin ScreenshotTools
LogPluginManager: Mounting plugin CharacterAI
LogPluginManager: Mounting plugin PlatformCrypto
LogPluginManager: Mounting plugin AvfMedia
LogPluginManager: Mounting plugin ImgMedia
LogPluginManager: Mounting plugin MediaCompositing
LogPluginManager: Mounting plugin MeshPainting
LogPluginManager: Mounting plugin TcpMessaging
LogPluginManager: Mounting plugin UdpMessaging
LogPluginManager: Mounting plugin ActorSequence
LogPluginManager: Mounting plugin MatineeToLevelSequence
LogPluginManager: Mounting plugin OnlineSubsystemNull
LogPluginManager: Mounting plugin LauncherChunkInstaller
LogPluginManager: Mounting plugin ArchVisCharacter
LogPluginManager: Mounting plugin AssetTags
LogPluginManager: Mounting plugin CableComponent
LogPluginManager: Mounting plugin ChunkDownloader
LogPluginManager: Mounting plugin CustomMeshComponent
LogPluginManager: Mounting plugin EditableMesh
LogPluginManager: Mounting plugin RuntimePhysXCooking
LogPluginManager: Mounting plugin Synthesis
LogPluginManager: Mounting plugin AudioSynesthesia
LogInit: Using libcurl 7.65.3-DEV
LogInit:  - built for x86_64-unknown-linux-gnu
LogInit:  - supports SSL with OpenSSL/1.1.1c
LogInit:  - supports HTTP deflate (compression) using libz 1.2.8
LogInit:  - other features:
LogInit:      CURL_VERSION_SSL
LogInit:      CURL_VERSION_LIBZ
LogInit:      CURL_VERSION_IPV6
LogInit:      CURL_VERSION_ASYNCHDNS
LogInit:      CURL_VERSION_LARGEFILE
LogInit:      CURL_VERSION_TLSAUTH_SRP
LogInit:  CurlRequestOptions (configurable via config and command line):
LogInit:  - bVerifyPeer = true  - Libcurl will verify peer certificate
LogInit:  - bUseHttpProxy = false  - Libcurl will NOT use HTTP proxy
LogInit:  - bDontReuseConnections = false  - Libcurl will reuse connections
LogInit:  - MaxHostConnections = 128  - Libcurl will limit the number of connections to a host
LogInit:  - LocalHostAddr = Default
LogInit:  - BufferSize = 65536
LogOnline: Warning: OSS: Online platform service is override by command line: Steam
LogOnline: Warning: OSS: Online platform service is IN
LogOnline: OSS: Creating online subsystem instance for: Steam
LogOnline: STEAM: [AppId: 2646460] Game Server API initialized 1
LogOnline: STEAM: Initializing SteamNetworking Layer
LogOnline: STEAM: Missing P2PCleanupTimeout key in OnlineSubsystemSteam of DefaultEngine.ini, using default
LogOnline: STEAM: AUTH: Steam Auth Enabled
LogOnline: OSS: TryLoadSubsystemAndSetDefault: Loaded subsystem for module [Steam]
LogFSR: FSR Spatial Upscaling Module Started
LogDLSSBlueprint: Loaded DLSS-SR plugin version 3.5.2a
LogDLSSBlueprint: DLSS is not supported on this platform at build time. The DLSS Blueprint library however is supported and stubbed out to ignore any calls to enable DLSS and will always return UDLSSSupport::NotSupportedByPlatformAtBuildTime, regardless of the underlying hardware. This can be used to e.g. to turn off DLSS related UI elements.
LogInit: Build: ++UE4+Release-4.27-CL-0
LogInit: Engine Version: 4.27.2-0+++UE4+Release-4.27
LogInit: Compatible Engine Version: 4.27.0-0+++UE4+Release-4.27
LogInit: Net CL: 0
LogInit: OS: GenericOSVersionLabel (GenericOSSubVersionLabel), CPU: AMD Ryzen 9 3950X 16-Core Processor            , GPU: GenericGPUBrand
LogInit: Compiled (64-bit): Apr 11 2026 14:27:19
LogInit: Compiled with Clang: 11.0.1 (https://github.com/llvm/llvm-project 43ff75f2c3feef64f9d73328230d34dac8832a91)
LogInit: Build Configuration: Shipping
LogInit: Branch Name: ++UE4+Release-4.27
LogInit: Command Line:  DLC_Level01_Main -server -UTF8Output -forcepassthrough -online=Steam -SteamServerName="POK Server" -Port=28050 -QueryPort=28051 -EchoPort=18888 -MULTIHOME=0.0.0.0 -MaxPlayers=50 -backup=900 -saving=600 -pve -log -adminpsw=Korneya512! -backupinterval=5 -serverid=512
LogInit: Base Directory: /home/pokuser/soulmask/data/server/WS/Binaries/Linux/
LogInit: Allocator: binned2
LogInit: Installed Engine Build: 0
LogInit: Presizing for max 8388608 objects, including 1 objects not considered by GC, pre-allocating 0 bytes for permanent pool.
LogStreaming: Display: Async Loading initialized: Event Driven Loader: true, Async Loading Thread: false, Async Post Load: false
LogInit: Object subsystem initialized
[2026.04.11-15.33.16:516][  0]LogModuleManager: Warning: ModuleManager: Module 'LinuxDeviceProfileSelector' not found - its StaticallyLinkedModuleInitializers function is null.
[2026.04.11-15.33.16:516][  0]LogInit: Applying CVar settings loaded from the selected device profile: [LinuxServer]
[2026.04.11-15.33.16:516][  0]LogHAL: Display: Platform has ~ 4 GB [135078166528 / 4294967296 / 126], which maps to Smallest [LargestMinGB=32, LargerMinGB=12, DefaultMinGB=8, SmallerMinGB=6, SmallestMinGB=0)
[2026.04.11-15.33.16:516][  0]LogInit: Going up to parent DeviceProfile [Linux]
[2026.04.11-15.33.16:516][  0]LogInit: Going up to parent DeviceProfile []
[2026.04.11-15.33.16:516][  0]LogInit: Unix hardware info:
[2026.04.11-15.33.16:516][  0]LogInit:  - we are the first instance of this executable
[2026.04.11-15.33.16:516][  0]LogInit:  - this process' id (pid) is 80, parent process' id (ppid) is 70
[2026.04.11-15.33.16:516][  0]LogInit:  - we are not running under debugger
[2026.04.11-15.33.16:516][  0]LogInit:  - machine network name is '282e3f0f2626'
[2026.04.11-15.33.16:516][  0]LogInit:  - user name is 'pokuser' (pokuser)
[2026.04.11-15.33.16:516][  0]LogInit:  - we're logged in locally
[2026.04.11-15.33.16:516][  0]LogInit:  - we're running without rendering
[2026.04.11-15.33.16:517][  0]LogInit:  - CPU: AuthenticAMD 'AMD Ryzen 9 3950X 16-Core Processor            ' (signature: 0x870F10)
[2026.04.11-15.33.16:517][  0]LogInit:  - Number of physical cores available for the process: 16
[2026.04.11-15.33.16:517][  0]LogInit:  - Number of logical cores available for the process: 32
[2026.04.11-15.33.16:517][  0]LogInit:  - Cache line size: 64
[2026.04.11-15.33.16:517][  0]LogInit:  - Memory allocator used: binned2
[2026.04.11-15.33.16:517][  0]LogInit:  - This binary is optimized with LTO: no, PGO: no, instrumented for PGO data collection: no
[2026.04.11-15.33.16:517][  0]LogInit:  - This is an internal build.
[2026.04.11-15.33.16:517][  0]LogCore: Benchmarking clocks:
[2026.04.11-15.33.16:517][  0]LogCore:  - CLOCK_MONOTONIC (id=1) can sustain 43906388 (43906K, 44M) calls per second without zero deltas.
[2026.04.11-15.33.16:517][  0]LogCore:  - CLOCK_MONOTONIC_RAW (id=4) can sustain 43711897 (43712K, 44M) calls per second without zero deltas.
[2026.04.11-15.33.16:517][  0]LogCore:  - CLOCK_MONOTONIC_COARSE (id=6) can sustain 229302902 (229303K, 229M) calls per second with 99.999887% zero deltas.
[2026.04.11-15.33.16:517][  0]LogCore: Selected clock_id 1 (CLOCK_MONOTONIC) since it is the fastest support clock without zero deltas.
[2026.04.11-15.33.16:517][  0]LogInit: Unix-specific commandline switches:
[2026.04.11-15.33.16:517][  0]LogInit:  -ansimalloc - use malloc()/free() from libc (useful for tools like valgrind and electric fence)
[2026.04.11-15.33.16:517][  0]LogInit:  -jemalloc - use jemalloc for all memory allocation
[2026.04.11-15.33.16:517][  0]LogInit:  -binnedmalloc - use binned malloc  for all memory allocation
[2026.04.11-15.33.16:517][  0]LogInit:  -filemapcachesize=NUMBER - set the size for case-sensitive file mapping cache
[2026.04.11-15.33.16:517][  0]LogInit:  -useksm - uses kernel same-page mapping (KSM) for mapped memory (OFF)
[2026.04.11-15.33.16:517][  0]LogInit:  -ksmmergeall - marks all mmap'd memory pages suitable for KSM (OFF)
[2026.04.11-15.33.16:517][  0]LogInit:  -preloadmodulesymbols - Loads the main module symbols file into memory (OFF)
[2026.04.11-15.33.16:517][  0]LogInit:  -sigdfl=SIGNAL - Allows a specific signal to be set to its default handler rather then ignoring the signal
[2026.04.11-15.33.16:517][  0]LogInit:  -httpproxy=ADDRESS:PORT - redirects HTTP requests to a proxy (only supported if compiled with libcurl)
[2026.04.11-15.33.16:517][  0]LogInit:  -reuseconn - allow libcurl to reuse HTTP connections (only matters if compiled with libcurl)
[2026.04.11-15.33.16:517][  0]LogInit:  -virtmemkb=NUMBER - sets process virtual memory (address space) limit (overrides VirtualMemoryLimitInKB value from .ini)
[2026.04.11-15.33.16:517][  0]LogInit:  - Physical RAM available (not considering process quota): 126 GB (128820 MB, 131912272 KB, 135078166528 bytes)
[2026.04.11-15.33.16:517][  0]LogInit:  - VirtualMemoryAllocator pools will grow at scale 1.4
[2026.04.11-15.33.16:517][  0]LogInit:  - MemoryRangeDecommit() will will evict the memory from RAM (re-run with -novmapoolevict to change)
[2026.04.11-15.33.16:524][  0]LogInit: Physics initialised using underlying interface: PhysX
[2026.04.11-15.33.16:524][  0]LogInit: Using OS detected language (en-US).
[2026.04.11-15.33.16:524][  0]LogInit: Using OS detected locale (en-US).
[2026.04.11-15.33.16:525][  0]LogTextLocalizationManager: No specific localization for 'en-US' exists, so the 'en' localization will be used.
[2026.04.11-15.33.16:555][  0]LogRendererCore: Ray tracing is disabled. Reason: r.RayTracing=0.
[2026.04.11-15.33.16:560][  0]LogInit: Using OS detected language (en-US).
[2026.04.11-15.33.16:560][  0]LogInit: Using OS detected locale (en-US).
[2026.04.11-15.33.16:561][  0]LogTextLocalizationManager: No specific localization for 'en-US' exists, so the 'en' localization will be used.
[2026.04.11-15.33.16:589][  0]LogAssetRegistry: FAssetRegistry took 0.0274 seconds to start up
[2026.04.11-15.33.16:672][  0]LogTextLocalizationManager: Compacting localization data took   2.15ms
[2026.04.11-15.33.16:672][  0]LogStreaming: Display: FlushAsyncLoading: 1 QueuedPackages, 0 AsyncPackages
[2026.04.11-15.33.16:672][  0]LogPackageLocalizationCache: Processed 29 localized package path(s) for 1 prioritized culture(s) in 0.000045 seconds
[2026.04.11-15.33.16:672][  0]LogPakFile: New pak file ../../../WS/Content/Paks/WS-LinuxServer.pak added to pak precacher.
[2026.04.11-15.33.16:672][  0]LogModuleManager: Warning: ModuleManager: Module 'LinuxDeviceProfileSelector' not found - its StaticallyLinkedModuleInitializers function is null.
[2026.04.11-15.33.16:672][  0]LogInit: Active device profile: [0x7fe6a00946c0][0x7fe69f4c24a0 49] LinuxServer
[2026.04.11-15.33.16:672][  0]LogInit: Profiles: [0x7fe6a0094840][0x7fe69f4c4930 49] Linux, [0x7fe6a00946c0][0x7fe69f4c24a0 49] LinuxServer, 
[2026.04.11-15.33.16:681][  0]LogSerialization: Display: AllowBulkDataInIoStore: 'true'
[2026.04.11-15.33.16:681][  0]LogNetVersion: WS 1.0.0, NetCL: 0, EngineNetVer: 17, GameNetVer: 0 (Checksum: 3485178411)
[2026.04.11-15.33.16:694][  0]LogAudioCaptureCore: Display: No Audio Capture implementations found. Audio input will be silent.
[2026.04.11-15.33.16:694][  0]LogAudioCaptureCore: Display: No Audio Capture implementations found. Audio input will be silent.
[2026.04.11-15.33.16:698][  0]LogStreaming: Error: Couldn't find file for package /Game/UI/Fonts/SiYuanHeiTi requested by async loading code. NameToLoad: /Game/UI/Fonts/SiYuanHeiTi
[2026.04.11-15.33.16:698][  0]LogStreaming: Error: Found 0 dependent packages...
[2026.04.11-15.33.16:744][  0]LogStats: UGameplayTagsManager::InitializeManager -  0.008 s
[2026.04.11-15.33.16:763][  0]LogUObjectArray: 28213 objects as part of root set at end of initial load.
[2026.04.11-15.33.16:763][  0]LogUObjectAllocator: 7197824 out of 0 bytes used by permanent object pool.
[2026.04.11-15.33.16:763][  0]LogUObjectArray: CloseDisregardForGC: 28213/0 objects in disregard for GC pool
[2026.04.11-15.33.16:765][  0]LogWS: Display: Logic Version =  22793.82611
[2026.04.11-15.33.16:766][  0]LogEngine: Initializing Engine...
[2026.04.11-15.33.16:853][  0]LogStreaming: Error: Couldn't find file for package /Script/BinkMediaPlayer requested by async loading code. NameToLoad: /Script/BinkMediaPlayer
[2026.04.11-15.33.16:853][  0]LogStreaming: Error: Found 1 dependent packages...
[2026.04.11-15.33.16:853][  0]LogStreaming: Error:   /Game/Blueprints/Player/BP_PlayerController
[2026.04.11-15.33.18:015][  0]LogPakFile: Precache HighWater 16MB

[2026.04.11-15.33.18:015][  0]LogPakFile: Precache HighWater 32MB

[2026.04.11-15.33.18:015][  0]LogStreaming: Error: ****DumpDependencies [Dependencies]:
[2026.04.11-15.33.18:015][  0]LogStreaming: Error:     Export 1 /Game/Blueprints/UI/Login/DengLuLiuCheng/BinkSource/BMP_SecondLogin.BMP_SecondLogin
[2026.04.11-15.33.18:015][  0]LogStreaming: Error:     Linker is ../../../WS/Content/Blueprints/UI/Login/DengLuLiuCheng/BinkSource/BMP_SecondLogin.uasset
[2026.04.11-15.33.18:015][  0]LogStreaming: Error:         Dep S_BEFORE_C Import     1   /Script/BinkMediaPlayer.BinkMediaPlayer
[2026.04.11-15.33.18:015][  0]LogStreaming: Error:         Dep S_BEFORE_C Import     0   /Script/BinkMediaPlayer.Default__BinkMediaPlayer
[2026.04.11-15.33.18:015][  0]LogStreaming: Error: Missing Dependency, request for /Script/BinkMediaPlayer.BinkMediaPlayer but it hasn't been created yet.
[2026.04.11-15.33.18:015][  0]LogStreaming: Error: Could not find class BinkMediaPlayer to create BMP_SecondLogin
[2026.04.11-15.33.18:015][  0]LogStreaming: Error: ****DumpDependencies [Dependencies]:
[2026.04.11-15.33.18:015][  0]LogStreaming: Error:     Export 1 /Game/Blueprints/UI/Login/DengLuLiuCheng/BinkSource/BMP_FirstLogin.BMP_FirstLogin
[2026.04.11-15.33.18:015][  0]LogStreaming: Error:     Linker is ../../../WS/Content/Blueprints/UI/Login/DengLuLiuCheng/BinkSource/BMP_FirstLogin.uasset
[2026.04.11-15.33.18:015][  0]LogStreaming: Error:         Dep S_BEFORE_C Import     1   /Script/BinkMediaPlayer.BinkMediaPlayer
[2026.04.11-15.33.18:015][  0]LogStreaming: Error:         Dep S_BEFORE_C Import     0   /Script/BinkMediaPlayer.Default__BinkMediaPlayer
[2026.04.11-15.33.18:015][  0]LogStreaming: Error: Missing Dependency, request for /Script/BinkMediaPlayer.BinkMediaPlayer but it hasn't been created yet.
[2026.04.11-15.33.18:015][  0]LogStreaming: Error: Could not find class BinkMediaPlayer to create BMP_FirstLogin
[2026.04.11-15.33.18:015][  0]LogStreaming: Error: ****DumpDependencies [Dependencies]:
[2026.04.11-15.33.18:015][  0]LogStreaming: Error:     Export 1 /Game/Blueprints/UI/Login/DengLuLiuCheng/BinkSource/BMP_DLCThirdLogin.BMP_DLCThirdLogin
[2026.04.11-15.33.18:015][  0]LogStreaming: Error:     Linker is ../../../WS/Content/Blueprints/UI/Login/DengLuLiuCheng/BinkSource/BMP_DLCThirdLogin.uasset
[2026.04.11-15.33.18:015][  0]LogStreaming: Error:         Dep S_BEFORE_C Import     1   /Script/BinkMediaPlayer.BinkMediaPlayer
[2026.04.11-15.33.18:015][  0]LogStreaming: Error:         Dep S_BEFORE_C Import     0   /Script/BinkMediaPlayer.Default__BinkMediaPlayer
[2026.04.11-15.33.18:015][  0]LogStreaming: Error: Missing Dependency, request for /Script/BinkMediaPlayer.BinkMediaPlayer but it hasn't been created yet.
[2026.04.11-15.33.18:015][  0]LogStreaming: Error: Could not find class BinkMediaPlayer to create BMP_DLCThirdLogin
[2026.04.11-15.33.18:015][  0]LogStreaming: Error: ****DumpDependencies [Dependencies]:
[2026.04.11-15.33.18:015][  0]LogStreaming: Error:     Export 1 /Game/Blueprints/UI/Login/DengLuLiuCheng/BinkSource/BMP_DLCThirdLogin_Tex.BMP_DLCThirdLogin_Tex
[2026.04.11-15.33.18:016][  0]LogStreaming: Error:     Linker is ../../../WS/Content/Blueprints/UI/Login/DengLuLiuCheng/BinkSource/BMP_DLCThirdLogin_Tex.uasset
[2026.04.11-15.33.18:016][  0]LogStreaming: Error:         Dep C_BEFORE_S Import     0   /Game/Blueprints/UI/Login/DengLuLiuCheng/BinkSource/BMP_DLCThirdLogin.BMP_DLCThirdLogin
[2026.04.11-15.33.18:016][  0]LogStreaming: Error:         Dep S_BEFORE_C Import     2   /Script/BinkMediaPlayer.BinkMediaTexture
[2026.04.11-15.33.18:016][  0]LogStreaming: Error:         Dep S_BEFORE_C Import     1   /Script/BinkMediaPlayer.Default__BinkMediaTexture
[2026.04.11-15.33.18:016][  0]LogStreaming: Error: Missing Dependency, request for /Script/BinkMediaPlayer.BinkMediaTexture but it hasn't been created yet.
[2026.04.11-15.33.18:016][  0]LogStreaming: Error: Could not find class BinkMediaTexture to create BMP_DLCThirdLogin_Tex
[2026.04.11-15.33.18:034][  0]LogStreaming: Error: ****DumpDependencies [Dependencies]:
[2026.04.11-15.33.18:034][  0]LogStreaming: Error:     Export 1 /Game/Blueprints/UI/Login/DengLuLiuCheng/BinkSource/BMP_FirstLogin_Tex.BMP_FirstLogin_Tex
[2026.04.11-15.33.18:034][  0]LogStreaming: Error:     Linker is ../../../WS/Content/Blueprints/UI/Login/DengLuLiuCheng/BinkSource/BMP_FirstLogin_Tex.uasset
[2026.04.11-15.33.18:034][  0]LogStreaming: Error:         Dep C_BEFORE_S Import     0   /Game/Blueprints/UI/Login/DengLuLiuCheng/BinkSource/BMP_FirstLogin.BMP_FirstLogin
[2026.04.11-15.33.18:034][  0]LogStreaming: Error:         Dep S_BEFORE_C Import     2   /Script/BinkMediaPlayer.BinkMediaTexture
[2026.04.11-15.33.18:034][  0]LogStreaming: Error:         Dep S_BEFORE_C Import     1   /Script/BinkMediaPlayer.Default__BinkMediaTexture
[2026.04.11-15.33.18:034][  0]LogStreaming: Error: Missing Dependency, request for /Script/BinkMediaPlayer.BinkMediaTexture but it hasn't been created yet.
[2026.04.11-15.33.18:034][  0]LogStreaming: Error: Could not find class BinkMediaTexture to create BMP_FirstLogin_Tex
[2026.04.11-15.33.18:034][  0]LogStreaming: Error: ****DumpDependencies [Dependencies]:
[2026.04.11-15.33.18:034][  0]LogStreaming: Error:     Export 1 /Game/Blueprints/UI/Login/DengLuLiuCheng/BinkSource/BMP_SecondLogin_Tex.BMP_SecondLogin_Tex
[2026.04.11-15.33.18:034][  0]LogStreaming: Error:     Linker is ../../../WS/Content/Blueprints/UI/Login/DengLuLiuCheng/BinkSource/BMP_SecondLogin_Tex.uasset
[2026.04.11-15.33.18:034][  0]LogStreaming: Error:         Dep C_BEFORE_S Import     0   /Game/Blueprints/UI/Login/DengLuLiuCheng/BinkSource/BMP_SecondLogin.BMP_SecondLogin
[2026.04.11-15.33.18:034][  0]LogStreaming: Error:         Dep S_BEFORE_C Import     2   /Script/BinkMediaPlayer.BinkMediaTexture
[2026.04.11-15.33.18:034][  0]LogStreaming: Error:         Dep S_BEFORE_C Import     1   /Script/BinkMediaPlayer.Default__BinkMediaTexture
[2026.04.11-15.33.18:034][  0]LogStreaming: Error: Missing Dependency, request for /Script/BinkMediaPlayer.BinkMediaTexture but it hasn't been created yet.
[2026.04.11-15.33.18:034][  0]LogStreaming: Error: Could not find class BinkMediaTexture to create BMP_SecondLogin_Tex
[2026.04.11-15.33.54:176][  0]LogInit: Initializing FReadOnlyCVARCache
[2026.04.11-15.33.54:176][  0]LogNetVersion: Set ProjectVersion to 1.0.0. Version Checksum will be recalculated on next use.
[2026.04.11-15.33.54:176][  0]LogInit: Texture streaming: Disabled
[2026.04.11-15.33.54:176][  0]LogConsoleManager: Warning: Setting the console variable 'r.MotionBlurQuality' with 'SetByScalability' was ignored as it is lower priority than the previous 'SetByGameSetting'. Value remains '0'
[2026.04.11-15.33.54:176][  0]LogConsoleManager: Warning: Setting the console variable 'r.DepthOfFieldQuality' with 'SetByScalability' was ignored as it is lower priority than the previous 'SetByGameSetting'. Value remains '1'
[2026.04.11-15.33.54:177][  0]LogConsoleManager: Warning: Setting the console variable 'r.MotionBlurQuality' with 'SetByScalability' was ignored as it is lower priority than the previous 'SetByGameSetting'. Value remains '0'
[2026.04.11-15.33.54:177][  0]LogConsoleManager: Warning: Setting the console variable 'r.DepthOfFieldQuality' with 'SetByScalability' was ignored as it is lower priority than the previous 'SetByGameSetting'. Value remains '1'
[2026.04.11-15.33.54:178][  0]LogConsoleManager: Warning: Setting the console variable 'r.MotionBlurQuality' with 'SetByScalability' was ignored as it is lower priority than the previous 'SetByGameSetting'. Value remains '0'
[2026.04.11-15.33.54:178][  0]LogConsoleManager: Warning: Setting the console variable 'r.DepthOfFieldQuality' with 'SetByScalability' was ignored as it is lower priority than the previous 'SetByGameSetting'. Value remains '1'
[2026.04.11-15.33.57:151][  0]LogPakFile: Precache HighWater 48MB

[2026.04.11-15.33.57:151][  0]logSS: Display: AutobackupFileRetentionDays: -1
[2026.04.11-15.33.57:151][  0]logSS: Display: STORE_FORMAT: IN(ALL)v1
[2026.04.11-15.33.57:152][  0]logGMSystem: Warning: gmsystem closed for . Official:false GMAgent:false
[2026.04.11-15.33.57:153][  0]LogPackageLocalizationCache: Processed 29 localized package path(s) for 2 prioritized culture(s) in 0.000085 seconds
[2026.04.11-15.33.57:179][  0]LogTextLocalizationResource: LocRes '../../../WS/Content/Localization/Game/en-US/Game.locres' could not be opened for reading!
[2026.04.11-15.33.57:179][  0]LogTextLocalizationResource: LocRes '../../../Engine/Content/Localization/Engine/en-US/Engine.locres' could not be opened for reading!
[2026.04.11-15.33.57:179][  0]LogTextLocalizationResource: LocRes '../../../Engine/Plugins/Online/OnlineSubsystem/Content/Localization/OnlineSubsystem/en-US/OnlineSubsystem.locres' could not be opened for reading!
[2026.04.11-15.33.57:179][  0]LogTextLocalizationResource: LocRes '../../../Engine/Plugins/Online/OnlineSubsystemUtils/Content/Localization/OnlineSubsystemUtils/en-US/OnlineSubsystemUtils.locres' could not be opened for reading!
[2026.04.11-15.33.57:179][  0]LogTextLocalizationResource: LocRes '../../../Engine/Plugins/Online/OnlineFramework/Content/Localization/OnlineFramework/en-US/OnlineFramework.locres' could not be opened for reading!
[2026.04.11-15.33.57:252][  0]LogInit: Display: Game Engine Initialized.
[2026.04.11-15.33.57:256][  0]LogInit: Display: Starting Game.
[2026.04.11-15.33.57:261][  0]LogNet: Browse: /Game/AdditionMap01/Maps/DLC_Level01/DLC_Level01_Main?Name=Player
[2026.04.11-15.33.57:262][  0]LogLoad: LoadMap: /Game/AdditionMap01/Maps/DLC_Level01/DLC_Level01_Main?Name=Player
[2026.04.11-15.33.57:262][  0]LogWorld: BeginTearingDown for /Temp/Untitled_22
[2026.04.11-15.33.57:264][  0]LogWorld: UWorld::CleanupWorld for Untitled, bSessionEnded=true, bCleanupResources=true
[2026.04.11-15.33.57:351][  0]LogUObjectHash: Compacting FUObjectHashTables data took  10.73ms
[2026.04.11-15.33.57:470][  0]LogUObjectHash: Compacting FUObjectHashTables data took   5.02ms
[2026.04.11-15.33.59:975][  0]logSS: Display: AutobackupFileRetentionDays: -1
[2026.04.11-15.33.59:975][  0]logSS: Display: STORE_FORMAT: IN(ALL)v1
[2026.04.11-15.33.59:975][  0]LogAIModule: Creating AISystem for world DLC_Level01_Main
[2026.04.11-15.33.59:975][  0]LogLoad: Game class is 'BP_GameModeBase_DLC_C'
[2026.04.11-15.33.59:978][  0]LogNetCore: DDoS detection status: detection enabled: 0 analytics enabled: 0
[2026.04.11-15.33.59:978][  0]LogInit: BSD IPv4/6: Socket queue. Rx: 262144 (config 131072) Tx: 262144 (config 131072)
[2026.04.11-15.33.59:978][  0]LogNet: Created socket for bind address: 0.0.0.0 on port 28050
[2026.04.11-15.33.59:978][  0]PacketHandlerLog: Loaded PacketHandler component: AESHandlerComponent ()
[2026.04.11-15.33.59:978][  0]LogHandshake: Warning: INIT CLIENT ONLINE PLATFROM: 0
[2026.04.11-15.33.59:978][  0]PacketHandlerLog: Loaded PacketHandler component: Engine.EngineHandlerComponentFactory (StatelessConnectHandlerComponent)
[2026.04.11-15.33.59:978][  0]LogNet: GameNetDriver SteamNetDriver_2147474235 IpNetDriver listening on port 28050
[2026.04.11-15.33.59:979][  0]LogLevel: Warning: Detected duplicate WorldSettings actor - UE-62934
[2026.04.11-15.34.00:045][  0]LogLoad: Loading WwiseSoundEngine module: WwiseSoundEngine
[2026.04.11-15.34.00:045][  0]LogWwiseSoundEngine: Display: Loading Wwise SoundEngine 2022.1.17 (Integration 2022.1)
[2026.04.11-15.34.00:045][  0]LogAkAudio: FAkAudioModule::StartupModule: Couldn't initialize FAkAudioDevice. AkAudioModule will not be fully initialized.
[2026.04.11-15.34.00:053][  0]LogWorld: Bringing World /Game/AdditionMap01/Maps/DLC_Level01/DLC_Level01_Main.DLC_Level01_Main up for play (max tick rate 30) at 2026.04.11-08.34.00
[2026.04.11-15.34.00:053][  0]logSS: Display: use dbagent: NO.
[2026.04.11-15.34.00:053][  0]logDB: Display: [DatabaseAccess.bIgnoreUpdateIfNothingChanged]: True.
[2026.04.11-15.34.00:053][  0]logSS: Display: (UStoreSubsystem::InitializeDatabase) AUTO BACKUP THE WORLD PER 10 MIN.
[2026.04.11-15.34.00:084][  0]logStoreGamemode: Display: (AStoreGameMode::StartPlay)load persistent level use 0.030276 s.
[2026.04.11-15.34.00:084][  0]logStoreGamemode: Display: UseDatabase=true
[2026.04.11-15.34.00:084][  0]logStoreGamemode: Display: [SERVER UNIQUE ID:] 8SBEAD904ZAWO80I1C0Z5CBJH.
[2026.04.11-15.34.00:084][  0]logGameXishu: Display: GAME NANDU: -1
[2026.04.11-15.34.00:085][  0]logGameXishu: UHGameXiShuGuanLiQi::LoadFromJsonFile File:../../../WS/Saved/GameplaySettings/GameXishu.json Success.
[2026.04.11-15.34.00:092][  0]logGameXishu: UHGameXiShuGuanLiQi::LoadFromJsonFile File:../../../WS/Saved/GameplaySettings/GameXishu.json Success.
[2026.04.11-15.34.00:097][  0]logHGamemode: Display: ==== SERVER PERMISSION DETAILS ====
0. WhiteAccountList
    status: No
    values:
1. BlackAccountList
    status: Yes
    values:
2. WhiteIPList
    status: No
    values:
3. BlackIPList
    status: Yes
    values:
4. BanSpeek
    status: Yes
    values:
5. SafeGongHuiList
    status: No
    values:

[2026.04.11-15.34.00:097][  0]logServerSupervise: Listening on FServerListener (localport: 18888)
[2026.04.11-15.34.00:097][  0]logServerSupervise: Listening on FServerListener (localport: 19000)
[2026.04.11-15.34.00:097][  0]logHGamemode: Warning: =====SERVER BASIC INFO=====
OFFICIAL: false
ONLINE: Steam
AREA: 0
SERVERID: 512
SEASONID: 0
NAME: POK Server
ENTRY: 
CREATE_TIME: 1775921639
REPLICATION: closed
[2026.04.11-15.34.00:098][  0]LogWorld: Bringing up level for play took: 0.119518
[2026.04.11-15.34.05:560][  0]LogGameMode: Display: Match State Changed from EnteringMap to WaitingToStart
[2026.04.11-15.34.05:561][  0]logGzSubsystem: Warning: EXPAND ROOT: | Idx:4 | Branch: | Space:{(-98714,91369) (3686,193769)} |
[2026.04.11-15.34.05:561][  0]logGzSubsystem: Warning: CHILD NUMS: 5
[2026.04.11-15.34.05:561][  0]logGzSubsystem: Warning: EXPAND ROOT: | Idx:5 | Branch: | Space:{(-98714,-11031) (106086,193769)} |
[2026.04.11-15.34.05:561][  0]logGzSubsystem: Warning: CHILD NUMS: 6
[2026.04.11-15.34.05:562][  0]logGzSubsystem: Warning: EXPAND ROOT: | Idx:11 | Branch: | Space:{(-98714,-215831) (310886,193769)} |
[2026.04.11-15.34.05:562][  0]logGzSubsystem: Warning: CHILD NUMS: 12
[2026.04.11-15.34.05:562][  0]logGzSubsystem: Warning: EXPAND ROOT: | Idx:12 | Branch: | Space:{(-98714,-625431) (720486,193769)} |
[2026.04.11-15.34.05:562][  0]logGzSubsystem: Warning: CHILD NUMS: 13
[2026.04.11-15.34.05:563][  0]logGzSubsystem: Warning: EXPAND ROOT: | Idx:91 | Branch: | Space:{(-917914,-625431) (720486,1012969)} |
[2026.04.11-15.34.05:563][  0]logGzSubsystem: Warning: CHILD NUMS: 92
[2026.04.11-15.34.05:569][  0]LogGameState: Match State Changed from EnteringMap to WaitingToStart
[2026.04.11-15.34.05:569][  0]logStoreGamemode: Display: [ GAME STARTED. ]
[2026.04.11-15.34.05:569][  0]LogLoad: Took 8.307154 seconds to LoadMap(/Game/AdditionMap01/Maps/DLC_Level01/DLC_Level01_Main)
[2026.04.11-15.34.05:569][  0]LogOnline: GotoState: NewState: Playing
[2026.04.11-15.34.05:569][  0]LogInit: Display: Engine is initialized. Leaving FEngineLoop::Init()
[2026.04.11-15.34.05:569][  0]LogLoad: (Engine Initialization) Total time: 49.38 seconds
[2026.04.11-15.34.05:602][  0]LogNet: UNetDriver::TickDispatch: Very long time between ticks. DeltaTime: 0.03, Realtime: 5.63. SteamNetDriver_2147474235
[2026.04.11-15.34.05:603][  0]LogStreaming: Display: ULevelStreaming::RequestLevel(/Game/AdditionMap01/Maps/DLC_Level01/DLC_Level01_Hub/DLC_Level01_F4_Near) is flushing async loading
[2026.04.11-15.34.05:790][  0]LogStreaming: Display: ULevelStreaming::RequestLevel(/Game/AdditionMap01/Maps/DLC_Level01/DLC_Level01_Hub/DLC_Level01_F8_Far) is flushing async loading
[2026.04.11-15.34.05:791][  0]LogStreaming: Display: ULevelStreaming::RequestLevel(/Game/AdditionMap01/Maps/DLC_Level01/DLC_Level01_Hub/DLC_Level01_F8_Near) is flushing async loading
[2026.04.11-15.34.05:791][  0]LogStreaming: Display: ULevelStreaming::RequestLevel(/Game/AdditionMap01/Maps/DLC_Level01/DLC_Level01_Hub/DLC_Level01_B5_Near) is flushing async loading
[2026.04.11-15.34.05:975][  0]LogStreaming: Display: ULevelStreaming::RequestLevel(/Game/AdditionMap01/Maps/DLC_Level01/DLC_Level01_Hub/DLC_Level01_B5_Far) is flushing async loading
[2026.04.11-15.34.06:069][  0]LogStreaming: Display: ULevelStreaming::RequestLevel(/Game/AdditionMap01/Maps/DLC_Level01/DLC_Level01_Hub/DLC_Level01_A7_Far) is flushing async loading
[2026.04.11-15.34.06:103][  0]LogStreaming: Display: ULevelStreaming::RequestLevel(/Game/AdditionMap01/Maps/DLC_Level01/DLC_Level01_Hub/DLC_Level01_E5_Far) is flushing async loading
[2026.04.11-15.34.06:138][  0]LogStreaming: Display: ULevelStreaming::RequestLevel(/Game/AdditionMap01/Maps/DLC_Level01/DLC_Level01_Hub/DLC_Level01_E4_Near) is flushing async loading
[2026.04.11-15.34.06:194][  0]LogStreaming: Display: ULevelStreaming::RequestLevel(/Game/AdditionMap01/Maps/DLC_Level01/DLC_Level01_Hub/DLC_Level01_E3_Near) is flushing async loading
[2026.04.11-15.34.06:257][  0]LogStreaming: Display: ULevelStreaming::RequestLevel(/Game/AdditionMap01/Maps/DLC_Level01/DLC_Level01_Hub/DLC_Level01_H5_Far) is flushing async loading
[2026.04.11-15.34.06:258][  0]LogStreaming: Display: ULevelStreaming::RequestLevel(/Game/AdditionMap01/Maps/DLC_Level01/DLC_Level01_Hub/DLC_Level01_H4_Near) is flushing async loading
[2026.04.11-15.34.06:271][  0]LogStreaming: Display: ULevelStreaming::RequestLevel(/Game/AdditionMap01/Maps/DLC_Level01/DLC_Level01_Hub/DLC_Level01_E4_Far) is flushing async loading
[2026.04.11-15.34.06:302][  0]LogStreaming: Display: ULevelStreaming::RequestLevel(/Game/AdditionMap01/Maps/DLC_Level01/DLC_Level01_Hub/DLC_Level01_D5_Far) is flushing async loading
[2026.04.11-15.34.06:381][  0]LogStreaming: Display: ULevelStreaming::RequestLevel(/Game/AdditionMap01/Maps/DLC_Level01/DLC_Level01_Hub/DLC_Level01_D5_Near) is flushing async loading
[2026.04.11-15.34.06:444][  0]LogStreaming: Display: ULevelStreaming::RequestLevel(/Game/AdditionMap01/Maps/DLC_Level01/DLC_Level01_Hub/DLC_Level01_A5_Far) is flushing async loading
[2026.04.11-15.34.06:454][  0]LogStreaming: Display: ULevelStreaming::RequestLevel(/Game/AdditionMap01/Maps/DLC_Level01/DLC_Level01_Hub/DLC_Level01_D4_Near) is flushing async loading
[2026.04.11-15.34.06:518][  0]LogStreaming: Display: ULevelStreaming::RequestLevel(/Game/AdditionMap01/Maps/DLC_Level01/DLC_Level01_Hub/DLC_Level01_D8_Far) is flushing async loading
[2026.04.11-15.34.06:519][  0]LogStreaming: Display: ULevelStreaming::RequestLevel(/Game/AdditionMap01/Maps/DLC_Level01/DLC_Level01_Hub/DLC_Level01_D8_Near) is flushing async loading
[2026.04.11-15.34.06:521][  0]LogStreaming: Display: ULevelStreaming::RequestLevel(/Game/AdditionMap01/Maps/DLC_Level01/DLC_Level01_ShipCamp/DLC_Level01_ShipCampSmall03) is flushing async loading
[2026.04.11-15.34.06:547][  0]LogStreaming: Display: ULevelStreaming::RequestLevel(/Game/AdditionMap01/Maps/DLC_Level01/DLC_Level01_Tribe/DLC_Level01_LargeTribe_DesertWolf_01) is flushing async loading
[2026.04.11-15.34.06:793][  0]LogStreaming: Display: ULevelStreaming::RequestLevel(/Game/AdditionMap01/Maps/DLC_Level01/DLC_Level01_ShipCamp/DLC_Level01_ShipCamp07) is flushing async loading
[2026.04.11-15.34.06:824][  0]LogStreaming: Display: ULevelStreaming::RequestLevel(/Game/AdditionMap01/Maps/DLC_Level01/DLC_Level01_ShipCamp/DLC_Level01_ShipCampSmall01) is flushing async loading
[2026.04.11-15.34.06:827][  0]LogStreaming: Display: ULevelStreaming::RequestLevel(/Game/AdditionMap01/Maps/DLC_Level01/DLC_Level01_ShipCamp/DLC_Level01_ShipCamp08) is flushing async loading
[2026.04.11-15.34.06:839][  0]LogStreaming: Display: ULevelStreaming::RequestLevel(/Game/AdditionMap01/Maps/DLC_Level01/DLC_Level01_ShipCamp/DLC_Level01_ShipCampSmall02) is flushing async loading
[2026.04.11-15.34.06:843][  0]LogStreaming: Display: ULevelStreaming::RequestLevel(/Game/AdditionMap01/Maps/DLC_Level01/DLC_Level01_Tribe/DLC_Level01_MediumTribe_DesertWolf_01) is flushing async loading
[2026.04.11-15.34.06:887][  0]LogStreaming: Display: ULevelStreaming::RequestLevel(/Game/AdditionMap01/Maps/DLC_Level01/DLC_Level01_Tribe/DLC_Level01_MediumTribe_DesertWolf_03) is flushing async loading
[2026.04.11-15.34.06:945][  0]LogStreaming: Display: ULevelStreaming::RequestLevel(/Game/AdditionMap01/Maps/DLC_Level01/DLC_Level01_Tribe/DLC_Level01_MediumTribe_SavageHorn_02) is flushing async loading
[2026.04.11-15.34.06:998][  0]LogStreaming: Display: ULevelStreaming::RequestLevel(/Game/AdditionMap01/Maps/DLC_Level01/DLC_Level01_ShipCamp/DLC_Level01_ShipCampSmall04) is flushing async loading
[2026.04.11-15.34.07:003][  0]LogStreaming: Display: ULevelStreaming::RequestLevel(/Game/AdditionMap01/Maps/DLC_Level01/DLC_Level01_Tribe/DLC_Level01_LargeTribe_SavageHorn_01) is flushing async loading
[2026.04.11-15.34.07:199][  0]LogStreaming: Display: ULevelStreaming::RequestLevel(/Game/AdditionMap01/Maps/DLC_Level01/DLC_Level01_Tribe/DLC_Level01_MediumTribe_SavageHorn_01) is flushing async loading
[2026.04.11-15.34.07:222][  0]LogStreaming: Display: ULevelStreaming::RequestLevel(/Game/AdditionMap01/Maps/DLC_Level01/DLC_Level01_Tribe/DLC_Level01_MediumTribe_DesertWolf_02) is flushing async loading
[2026.04.11-15.34.07:246][  0]LogStreaming: Display: ULevelStreaming::RequestLevel(/Game/AdditionMap01/Maps/DLC_Level01/DLC_Level01_ShipCamp/DLC_Level01_ShipCampSmall05) is flushing async loading
[2026.04.11-15.34.07:250][  0]LogStreaming: Display: ULevelStreaming::RequestLevel(/Game/AdditionMap01/Maps/DLC_Level01/DLC_Level01_Hub/DLC_Level01_F2_Near) is flushing async loading
[2026.04.11-15.34.07:304][  0]LogStreaming: Display: ULevelStreaming::RequestLevel(/Game/AdditionMap01/Maps/DLC_Level01/DLC_Level01_Tribe/DLC_Level01_MediumTribe_SavageHorn_03) is flushing async loading
[2026.04.11-15.34.07:322][  0]LogStreaming: Display: ULevelStreaming::RequestLevel(/Game/AdditionMap01/Maps/DLC_Level01/DLC_Level01_Hub/DLC_Level01_D6_Far) is flushing async loading
[2026.04.11-15.34.07:334][  0]LogStreaming: Display: ULevelStreaming::RequestLevel(/Game/AdditionMap01/Maps/DLC_Level01/DLC_Level01_Hub/DLC_Level01_D6_Near) is flushing async loading
[2026.04.11-15.34.07:364][  0]LogStreaming: Display: ULevelStreaming::RequestLevel(/Game/AdditionMap01/Maps/DLC_Level01/DLC_Level01_Intrusion) is flushing async loading
[2026.04.11-15.34.07:416][  0]LogStreaming: Display: ULevelStreaming::RequestLevel(/Game/AdditionMap01/Maps/DLC_Level01/DLC_Level01_Hub/DLC_Level01_A6_Near) is flushing async loading
[2026.04.11-15.34.07:458][  0]LogStreaming: Display: ULevelStreaming::RequestLevel(/Game/AdditionMap01/Maps/DLC_Level01/DLC_Level01_Audio) is flushing async loading
[2026.04.11-15.34.07:475][  0]LogStreaming: Display: ULevelStreaming::RequestLevel(/Game/AdditionMap01/Maps/DLC_Level01/DLC_Level01_Navigation) is flushing async loading
[2026.04.11-15.34.07:476][  0]LogStreaming: Display: ULevelStreaming::RequestLevel(/Game/AdditionMap01/Maps/DLC_Level01/DLC_Level01_Landscape) is flushing async loading
[2026.04.11-15.34.07:500][  0]LogStreaming: Display: ULevelStreaming::RequestLevel(/Game/AdditionMap01/Maps/DLC_Level01/DLC_Level01_Hub/DLC_Level01_B7_Far) is flushing async loading
[2026.04.11-15.34.07:562][  0]LogStreaming: Display: ULevelStreaming::RequestLevel(/Game/AdditionMap01/Maps/DLC_Level01/DLC_Level01_Ruins/DLC01_Level01_Potholes02) is flushing async loading
[2026.04.11-15.34.07:571][  0]LogStreaming: Display: ULevelStreaming::RequestLevel(/Game/AdditionMap01/Maps/DLC_Level01/DLC_Level01_Hub/DLC_Level01_E8_Far) is flushing async loading
[2026.04.11-15.34.07:572][  0]LogStreaming: Display: ULevelStreaming::RequestLevel(/Game/AdditionMap01/Maps/DLC_Level01/DLC_Level01_Hub/DLC_Level01_E6_Far) is flushing async loading
[2026.04.11-15.34.07:610][  0]LogStreaming: Display: ULevelStreaming::RequestLevel(/Game/AdditionMap01/Maps/DLC_Level01/DLC_Level01_Hub/DLC_Level01_F1_Far) is flushing async loading
[2026.04.11-15.34.07:612][  0]LogStreaming: Display: ULevelStreaming::RequestLevel(/Game/AdditionMap01/Maps/DLC_Level01/DLC_Level01_Hub/DLC_Level01_GamePlay) is flushing async loading
[2026.04.11-15.34.08:574][  0]LogStreaming: Display: ULevelStreaming::RequestLevel(/Game/AdditionMap01/Maps/DLC_Level01/DLC_Level01_Hub/DLC_Level01_F3_Near) is flushing async loading
[2026.04.11-15.34.08:630][  0]LogStreaming: Display: ULevelStreaming::RequestLevel(/Game/AdditionMap01/Maps/DLC_Level01/DLC_Level01_Hub/DLC_Level01_F3_Far) is flushing async loading
[2026.04.11-15.34.08:667][  0]LogStreaming: Display: ULevelStreaming::RequestLevel(/Game/AdditionMap01/Maps/DLC_Level01/DLC_Level01_Hub/DLC_Level01_C2_Near) is flushing async loading
[2026.04.11-15.34.08:735][  0]LogStreaming: Display: ULevelStreaming::RequestLevel(/Game/AdditionMap01/Maps/DLC_Level01/DLC_Level01_Hub/DLC_Level01_D1_Near) is flushing async loading
[2026.04.11-15.34.08:736][  0]LogStreaming: Display: ULevelStreaming::RequestLevel(/Game/AdditionMap01/Maps/DLC_Level01/DLC_Level01_Hub/DLC_Level01_C8_Near) is flushing async loading
[2026.04.11-15.34.08:746][  0]LogStreaming: Display: ULevelStreaming::RequestLevel(/Game/AdditionMap01/Maps/DLC_Level01/DLC_Level01_Hub/DLC_Level01_C3_Near) is flushing async loading
[2026.04.11-15.34.08:791][  0]LogStreaming: Display: ULevelStreaming::RequestLevel(/Game/AdditionMap01/Maps/DLC_Level01/DLC_Level01_Hub/DLC_Level01_C7_Far) is flushing async loading
[2026.04.11-15.34.08:820][  0]LogStreaming: Display: ULevelStreaming::RequestLevel(/Game/AdditionMap01/Maps/DLC_Level01/DLC_Level01_Hub/DLC_Level01_C5_Far) is flushing async loading
[2026.04.11-15.34.08:840][  0]LogStreaming: Display: ULevelStreaming::RequestLevel(/Game/AdditionMap01/Maps/DLC_Level01/DLC_Level01_Hub/DLC_Level01_C6_Far) is flushing async loading
[2026.04.11-15.34.08:850][  0]LogStreaming: Display: ULevelStreaming::RequestLevel(/Game/AdditionMap01/Maps/DLC_Level01/DLC_Level01_Hub/DLC_Level01_C1_Far) is flushing async loading
[2026.04.11-15.34.08:858][  0]LogStreaming: Display: ULevelStreaming::RequestLevel(/Game/AdditionMap01/Maps/DLC_Level01/DLC_Level01_Hub/DLC_Level01_C4_Far) is flushing async loading
[2026.04.11-15.34.08:866][  0]LogStreaming: Display: ULevelStreaming::RequestLevel(/Game/AdditionMap01/Maps/DLC_Level01/DLC_Level01_Hub/DLC_Level01_C6_Near) is flushing async loading
[2026.04.11-15.34.08:923][  0]LogStreaming: Display: ULevelStreaming::RequestLevel(/Game/AdditionMap01/Maps/DLC_Level01/DLC_Level01_Hub/DLC_Level01_C7_Near) is flushing async loading
[2026.04.11-15.34.09:073][  0]LogStreaming: Display: ULevelStreaming::RequestLevel(/Game/AdditionMap01/Maps/DLC_Level01/DLC_Level01_Hub/DLC_Level01_C4_Near) is flushing async loading
[2026.04.11-15.34.09:123][  0]LogStreaming: Display: ULevelStreaming::RequestLevel(/Game/AdditionMap01/Maps/DLC_Level01/DLC_Level01_Hub/DLC_Level01_C2_Far) is flushing async loading
[2026.04.11-15.34.09:134][  0]LogStreaming: Display: ULevelStreaming::RequestLevel(/Game/AdditionMap01/Maps/DLC_Level01/DLC_Level01_Hub/DLC_Level01_C3_Far) is flushing async loading
[2026.04.11-15.34.09:158][  0]LogStreaming: Display: ULevelStreaming::RequestLevel(/Game/AdditionMap01/Maps/DLC_Level01/DLC_Level01_Hub/DLC_Level01_C8_Far) is flushing async loading
[2026.04.11-15.34.09:160][  0]LogStreaming: Display: ULevelStreaming::RequestLevel(/Game/AdditionMap01/Maps/DLC_Level01/DLC_Level01_Hub/DLC_Level01_C5_Near) is flushing async loading
[2026.04.11-15.34.09:243][  0]LogStreaming: Display: ULevelStreaming::RequestLevel(/Game/AdditionMap01/Maps/DLC_Level01/DLC_Level01_Hub/DLC_Level01_C1_Near) is flushing async loading
[2026.04.11-15.34.09:261][  0]LogStreaming: Display: ULevelStreaming::RequestLevel(/Game/AdditionMap01/Maps/DLC_Level01/DLC_Level01_Hub/DLC_Level01_D1_Far) is flushing async loading
[2026.04.11-15.34.09:262][  0]LogStreaming: Display: ULevelStreaming::RequestLevel(/Game/AdditionMap01/Maps/DLC_Level01/DLC_Level01_Hub/DLC_Level01_F4_Far) is flushing async loading
[2026.04.11-15.34.09:274][  0]LogStreaming: Display: ULevelStreaming::RequestLevel(/Game/AdditionMap01/Maps/DLC_Level01/DLC_Level01_Hub/DLC_Level01_A4_Near) is flushing async loading
[2026.04.11-15.34.09:305][  0]LogStreaming: Display: ULevelStreaming::RequestLevel(/Game/AdditionMap01/Maps/DLC_Level01/DLC_Level01_Hub/DLC_Level01_H3_Far) is flushing async loading
[2026.04.11-15.34.09:306][  0]LogStreaming: Display: ULevelStreaming::RequestLevel(/Game/AdditionMap01/Maps/DLC_Level01/DLC_Level01_Hub/DLC_Level01_H3_Near) is flushing async loading
[2026.04.11-15.34.09:309][  0]LogStreaming: Display: ULevelStreaming::RequestLevel(/Game/AdditionMap01/Maps/DLC_Level01/DLC_Level01_Hub/DLC_Level01_A5_Near) is flushing async loading
[2026.04.11-15.34.09:330][  0]LogStreaming: Display: ULevelStreaming::RequestLevel(/Game/AdditionMap01/Maps/DLC_Level01/DLC_Level01_ShipCamp/DLC_Level01_ShipCamp06) is flushing async loading
[2026.04.11-15.34.09:348][  0]LogStreaming: Display: ULevelStreaming::RequestLevel(/Game/AdditionMap01/Maps/DLC_Level01/DLC_Level01_Hub/DLC_Level01_H8_Far) is flushing async loading
[2026.04.11-15.34.09:348][  0]LogStreaming: Display: ULevelStreaming::RequestLevel(/Game/AdditionMap01/Maps/DLC_Level01/DLC_Level01_Hub/DLC_Level01_H6_Near) is flushing async loading
[2026.04.11-15.34.09:349][  0]LogStreaming: Display: ULevelStreaming::RequestLevel(/Game/AdditionMap01/Maps/DLC_Level01/DLC_Level01_Hub/DLC_Level01_H7_Far) is flushing async loading
[2026.04.11-15.34.09:349][  0]LogStreaming: Display: ULevelStreaming::RequestLevel(/Game/AdditionMap01/Maps/DLC_Level01/DLC_Level01_Hub/DLC_Level01_H7_Near) is flushing async loading
[2026.04.11-15.34.09:350][  0]LogStreaming: Display: ULevelStreaming::RequestLevel(/Game/AdditionMap01/Maps/DLC_Level01/DLC_Level01_Ruins/DLC01_Level01_Potholes01) is flushing async loading
[2026.04.11-15.34.09:356][  0]LogStreaming: Display: ULevelStreaming::RequestLevel(/Game/AdditionMap01/Maps/DLC_Level01/DLC_Level01_Hub/DLC_Level01_Seabed01) is flushing async loading
[2026.04.11-15.34.09:417][  0]LogStreaming: Display: ULevelStreaming::RequestLevel(/Game/AdditionMap01/Maps/DLC_Level01/DLC_Level01_Hub/DLC_Level01_Seabed02) is flushing async loading
[2026.04.11-15.34.09:428][  0]LogStreaming: Display: ULevelStreaming::RequestLevel(/Game/AdditionMap01/Maps/DLC_Level01/DLC_Level01_Hub/DLC_Level01_H8_Near) is flushing async loading
[2026.04.11-15.34.09:428][  0]LogStreaming: Display: ULevelStreaming::RequestLevel(/Game/AdditionMap01/Maps/DLC_Level01/DLC_Level01_Hub/DLC_Level01_E5_Near) is flushing async loading
[2026.04.11-15.34.09:497][  0]LogStreaming: Display: ULevelStreaming::RequestLevel(/Game/AdditionMap01/Maps/DLC_Level01/DLC_Level01_Hub/DLC_Level01_B6_Near) is flushing async loading
[2026.04.11-15.34.09:578][  0]LogStreaming: Display: ULevelStreaming::RequestLevel(/Game/AdditionMap01/Maps/DLC_Level01/DLC_Level01_Hub/DLC_Level01_E7_Far) is flushing async loading
[2026.04.11-15.34.09:584][  0]LogStreaming: Display: ULevelStreaming::RequestLevel(/Game/AdditionMap01/Maps/DLC_Level01/DLC_Level01_Hub/DLC_Level01_E7_Near) is flushing async loading
[2026.04.11-15.34.09:606][  0]LogStreaming: Display: ULevelStreaming::RequestLevel(/Game/AdditionMap01/Maps/DLC_Level01/DLC_Level01_Hub/DLC_Level01_E8_Near) is flushing async loading
[2026.04.11-15.34.09:606][  0]LogStreaming: Display: ULevelStreaming::RequestLevel(/Game/AdditionMap01/Maps/DLC_Level01/DLC_Level01_Hub/DLC_Level01_B7_Near) is flushing async loading
[2026.04.11-15.34.09:737][  0]LogStreaming: Display: ULevelStreaming::RequestLevel(/Game/AdditionMap01/Maps/DLC_Level01/DLC_Level01_Hub/DLC_Level01_H6_Far) is flushing async loading
[2026.04.11-15.34.09:738][  0]LogStreaming: Display: ULevelStreaming::RequestLevel(/Game/AdditionMap01/Maps/DLC_Level01/DLC_Level01_Hub/DLC_Level01_H5_Near) is flushing async loading
[2026.04.11-15.34.09:739][  0]LogStreaming: Display: ULevelStreaming::RequestLevel(/Game/AdditionMap01/Maps/DLC_Level01/DLC_Level01_Hub/DLC_Level01_E6_Near) is flushing async loading
[2026.04.11-15.34.09:810][  0]LogStreaming: Display: ULevelStreaming::RequestLevel(/Game/AdditionMap01/Maps/DLC_Level01/DLC_Level01_Hub/DLC_Level01_B8_Far) is flushing async loading
[2026.04.11-15.34.09:814][  0]LogStreaming: Display: ULevelStreaming::RequestLevel(/Game/AdditionMap01/Maps/DLC_Level01/DLC_Level01_Ruins/DLC_Level01_HolyRuins_01) is flushing async loading
[2026.04.11-15.34.10:173][  0]LogStreaming: Display: ULevelStreaming::RequestLevel(/Game/AdditionMap01/Maps/DLC_Level01/DLC_Level01_Ruins/DLC_Level01_SecretRuins_06) is flushing async loading
[2026.04.11-15.34.10:218][  0]LogStreaming: Display: ULevelStreaming::RequestLevel(/Game/AdditionMap01/Maps/DLC_Level01/DLC_Level01_Ruins/DLC01_Level01_Potholes07) is flushing async loading
[2026.04.11-15.34.10:229][  0]LogStreaming: Display: ULevelStreaming::RequestLevel(/Game/AdditionMap01/Maps/DLC_Level01/DLC_Level01_Ruins/DLC01_Level01_Potholes03) is flushing async loading
[2026.04.11-15.34.10:234][  0]LogStreaming: Display: ULevelStreaming::RequestLevel(/Game/AdditionMap01/Maps/DLC_Level01/DLC_Level01_Ruins/DLC01_Level01_Potholes04) is flushing async loading
[2026.04.11-15.34.10:238][  0]LogStreaming: Display: ULevelStreaming::RequestLevel(/Game/AdditionMap01/Maps/DLC_Level01/DLC_Level01_Ruins/DLC01_Level01_Potholes08) is flushing async loading
[2026.04.11-15.34.10:243][  0]LogStreaming: Display: ULevelStreaming::RequestLevel(/Game/AdditionMap01/Maps/DLC_Level01/DLC_Level01_Ruins/DLC_Level01_SecretRuins_09) is flushing async loading
[2026.04.11-15.34.10:256][  0]LogStreaming: Display: ULevelStreaming::RequestLevel(/Game/AdditionMap01/Maps/DLC_Level01/DLC_Level01_Ruins/DLC_Level01_SecretRuins_01) is flushing async loading
[2026.04.11-15.34.10:309][  0]LogStreaming: Display: ULevelStreaming::RequestLevel(/Game/AdditionMap01/Maps/DLC_Level01/DLC_Level01_Ruins/DLC01_Level01_Potholes09) is flushing async loading
[2026.04.11-15.34.10:313][  0]LogStreaming: Display: ULevelStreaming::RequestLevel(/Game/AdditionMap01/Maps/DLC_Level01/DLC_Level01_ShipCamp/DLC_Level01_ShipCamp01) is flushing async loading
[2026.04.11-15.34.10:331][  0]LogStreaming: Display: ULevelStreaming::RequestLevel(/Game/AdditionMap01/Maps/DLC_Level01/DLC_Level01_Ruins/DLC_Level01_SecretRuins_11) is flushing async loading
[2026.04.11-15.34.10:341][  0]LogStreaming: Display: ULevelStreaming::RequestLevel(/Game/AdditionMap01/Maps/DLC_Level01/DLC_Level01_Ruins/DLC_Level01_UndergroundRuins_03) is flushing async loading
[2026.04.11-15.34.10:875][  0]LogStreaming: Display: ULevelStreaming::RequestLevel(/Game/AdditionMap01/Maps/DLC_Level01/DLC_Level01_Ruins/DLC_Level01_UndergroundRuins_01) is flushing async loading
[2026.04.11-15.34.11:019][  0]LogStreaming: Display: ULevelStreaming::RequestLevel(/Game/AdditionMap01/Maps/DLC_Level01/DLC_Level01_Ruins/DLC_Level01_UndergroundRuins_02) is flushing async loading
[2026.04.11-15.34.11:270][  0]LogStreaming: Display: ULevelStreaming::RequestLevel(/Game/AdditionMap01/Maps/DLC_Level01/DLC_Level01_Ruins/DLC_Level01_SecretRuins_02) is flushing async loading
[2026.04.11-15.34.11:284][  0]LogStreaming: Display: ULevelStreaming::RequestLevel(/Game/AdditionMap01/Maps/DLC_Level01/DLC_Level01_Ruins/DLC01_Level01_Potholes10) is flushing async loading
[2026.04.11-15.34.11:291][  0]LogStreaming: Display: ULevelStreaming::RequestLevel(/Game/AdditionMap01/Maps/DLC_Level01/DLC_Level01_Ruins/DLC_Level01_SecretRuins_08) is flushing async loading
[2026.04.11-15.34.11:311][  0]LogStreaming: Display: ULevelStreaming::RequestLevel(/Game/AdditionMap01/Maps/DLC_Level01/DLC_Level01_ShipCamp/DLC_Level01_ShipCamp03) is flushing async loading
[2026.04.11-15.34.11:321][  0]LogStreaming: Display: ULevelStreaming::RequestLevel(/Game/AdditionMap01/Maps/DLC_Level01/DLC_Level01_Ruins/DLC_Level01_SecretRuins_04) is flushing async loading
[2026.04.11-15.34.11:353][  0]LogStreaming: Display: ULevelStreaming::RequestLevel(/Game/AdditionMap01/Maps/DLC_Level01/DLC_Level01_Ruins/DLC_Level01_GroundRuins_03) is flushing async loading
[2026.04.11-15.34.11:529][  0]LogStreaming: Display: ULevelStreaming::RequestLevel(/Game/AdditionMap01/Maps/DLC_Level01/DLC_Level01_Ruins/DLC_Level01_GroundRuins_02) is flushing async loading
[2026.04.11-15.34.11:620][  0]LogStreaming: Display: ULevelStreaming::RequestLevel(/Game/AdditionMap01/Maps/DLC_Level01/DLC_Level01_Ruins/DLC01_Level01_Potholes05) is flushing async loading
[2026.04.11-15.34.11:624][  0]LogStreaming: Display: ULevelStreaming::RequestLevel(/Game/AdditionMap01/Maps/DLC_Level01/DLC_Level01_Ruins/DLC_Level01_SecretRuins_05) is flushing async loading
[2026.04.11-15.34.11:635][  0]LogStreaming: Display: ULevelStreaming::RequestLevel(/Game/AdditionMap01/Maps/DLC_Level01/DLC_Level01_Ruins/DLC_Level01_PyramidRuins_02) is flushing async loading
[2026.04.11-15.34.11:830][  0]LogStreaming: Display: ULevelStreaming::RequestLevel(/Game/AdditionMap01/Maps/DLC_Level01/DLC_Level01_Ruins/DLC_Level01_GroundRuins_01) is flushing async loading
[2026.04.11-15.34.11:878][  0]LogStreaming: Display: ULevelStreaming::RequestLevel(/Game/AdditionMap01/Maps/DLC_Level01/DLC_Level01_Ruins/DLC01_Level01_Potholes11) is flushing async loading
[2026.04.11-15.34.11:887][  0]LogStreaming: Display: ULevelStreaming::RequestLevel(/Game/AdditionMap01/Maps/DLC_Level01/DLC_Level01_Ruins/DLC01_Level01_Potholes06) is flushing async loading
[2026.04.11-15.34.11:891][  0]LogStreaming: Display: ULevelStreaming::RequestLevel(/Game/AdditionMap01/Maps/DLC_Level01/DLC_Level01_Ruins/DLC_Level01_SecretRuins_03) is flushing async loading
[2026.04.11-15.34.11:907][  0]LogStreaming: Display: ULevelStreaming::RequestLevel(/Game/AdditionMap01/Maps/DLC_Level01/DLC_Level01_Ruins/DLC_Level01_HolyRuins_03) is flushing async loading
[2026.04.11-15.34.12:456][  0]LogStreaming: Display: ULevelStreaming::RequestLevel(/Game/AdditionMap01/Maps/DLC_Level01/DLC_Level01_Ruins/DLC_Level01_PyramidRuins_01) is flushing async loading
[2026.04.11-15.34.12:613][  0]LogStreaming: Display: ULevelStreaming::RequestLevel(/Game/AdditionMap01/Maps/DLC_Level01/DLC_Level01_ShipCamp/DLC_Level01_ShipCamp05) is flushing async loading
[2026.04.11-15.34.12:630][  0]LogStreaming: Display: ULevelStreaming::RequestLevel(/Game/AdditionMap01/Maps/DLC_Level01/DLC_Level01_ShipCamp/DLC_Level01_ShipCamp04) is flushing async loading
[2026.04.11-15.34.12:643][  0]LogStreaming: Display: ULevelStreaming::RequestLevel(/Game/AdditionMap01/Maps/DLC_Level01/DLC_Level01_Ruins/DLC_Level01_SecretRuins_07) is flushing async loading
[2026.04.11-15.34.12:667][  0]LogStreaming: Display: ULevelStreaming::RequestLevel(/Game/AdditionMap01/Maps/DLC_Level01/DLC_Level01_ShipCamp/DLC_Level01_ShipCamp02) is flushing async loading
[2026.04.11-15.34.12:677][  0]LogStreaming: Display: ULevelStreaming::RequestLevel(/Game/AdditionMap01/Maps/DLC_Level01/DLC_Level01_Ruins/DLC_Level01_HolyRuins_02) is flushing async loading
[2026.04.11-15.34.13:061][  0]LogStreaming: Display: ULevelStreaming::RequestLevel(/Game/AdditionMap01/Maps/DLC_Level01/DLC_Level01_Hub/DLC_Level01_D7_Far) is flushing async loading
[2026.04.11-15.34.13:069][  0]LogStreaming: Display: ULevelStreaming::RequestLevel(/Game/AdditionMap01/Maps/DLC_Level01/DLC_Level01_Hub/DLC_Level01_B8_Near) is flushing async loading
[2026.04.11-15.34.13:096][  0]LogStreaming: Display: ULevelStreaming::RequestLevel(/Game/AdditionMap01/Maps/DLC_Level01/DLC_Level01_Hub/DLC_Level01_D3_Far) is flushing async loading
[2026.04.11-15.34.13:119][  0]LogStreaming: Display: ULevelStreaming::RequestLevel(/Game/AdditionMap01/Maps/DLC_Level01/DLC_Level01_Hub/DLC_Level01_D2_Near) is flushing async loading
[2026.04.11-15.34.13:120][  0]LogStreaming: Display: ULevelStreaming::RequestLevel(/Game/AdditionMap01/Maps/DLC_Level01/DLC_Level01_Hub/DLC_Level01_D3_Near) is flushing async loading
[2026.04.11-15.34.13:169][  0]LogStreaming: Display: ULevelStreaming::RequestLevel(/Game/AdditionMap01/Maps/DLC_Level01/DLC_Level01_Hub/DLC_Level01_D2_Far) is flushing async loading
[2026.04.11-15.34.13:170][  0]LogStreaming: Display: ULevelStreaming::RequestLevel(/Game/AdditionMap01/Maps/DLC_Level01/DLC_Level01_Hub/DLC_Level01_H2_Near) is flushing async loading
[2026.04.11-15.34.13:170][  0]LogStreaming: Display: ULevelStreaming::RequestLevel(/Game/AdditionMap01/Maps/DLC_Level01/DLC_Level01_Hub/DLC_Level01_H4_Far) is flushing async loading
[2026.04.11-15.34.13:198][  0]LogStreaming: Display: ULevelStreaming::RequestLevel(/Game/AdditionMap01/Maps/DLC_Level01/DLC_Level01_Hub/DLC_Level01_G5_Near) is flushing async loading
[2026.04.11-15.34.13:224][  0]LogStreaming: Display: ULevelStreaming::RequestLevel(/Game/AdditionMap01/Maps/DLC_Level01/DLC_Level01_Hub/DLC_Level01_G8_Far) is flushing async loading
[2026.04.11-15.34.13:225][  0]LogStreaming: Display: ULevelStreaming::RequestLevel(/Game/AdditionMap01/Maps/DLC_Level01/DLC_Level01_Hub/DLC_Level01_F1_Near) is flushing async loading
[2026.04.11-15.34.13:233][  0]LogStreaming: Display: ULevelStreaming::RequestLevel(/Game/AdditionMap01/Maps/DLC_Level01/DLC_Level01_Hub/DLC_Level01_G4_Near) is flushing async loading
[2026.04.11-15.34.13:253][  0]LogStreaming: Display: ULevelStreaming::RequestLevel(/Game/AdditionMap01/Maps/DLC_Level01/DLC_Level01_Hub/DLC_Level01_F2_Far) is flushing async loading
[2026.04.11-15.34.13:268][  0]LogStreaming: Display: ULevelStreaming::RequestLevel(/Game/AdditionMap01/Maps/DLC_Level01/DLC_Level01_Hub/DLC_Level01_G6_Far) is flushing async loading
[2026.04.11-15.34.13:278][  0]LogStreaming: Display: ULevelStreaming::RequestLevel(/Game/AdditionMap01/Maps/DLC_Level01/DLC_Level01_Hub/DLC_Level01_G6_Near) is flushing async loading
[2026.04.11-15.34.13:302][  0]LogStreaming: Display: ULevelStreaming::RequestLevel(/Game/AdditionMap01/Maps/DLC_Level01/DLC_Level01_Hub/DLC_Level01_D4_Far) is flushing async loading
[2026.04.11-15.34.13:311][  0]LogStreaming: Display: ULevelStreaming::RequestLevel(/Game/AdditionMap01/Maps/DLC_Level01/DLC_Level01_Hub/DLC_Level01_G3_Near) is flushing async loading
[2026.04.11-15.34.13:324][  0]LogStreaming: Display: ULevelStreaming::RequestLevel(/Game/AdditionMap01/Maps/DLC_Level01/DLC_Level01_Hub/DLC_Level01_G5_Far) is flushing async loading
[2026.04.11-15.34.13:333][  0]LogStreaming: Display: ULevelStreaming::RequestLevel(/Game/AdditionMap01/Maps/DLC_Level01/DLC_Level01_Hub/DLC_Level01_G7_Far) is flushing async loading
[2026.04.11-15.34.13:337][  0]LogStreaming: Display: ULevelStreaming::RequestLevel(/Game/AdditionMap01/Maps/DLC_Level01/DLC_Level01_Hub/DLC_Level01_G4_Far) is flushing async loading
[2026.04.11-15.34.13:347][  0]LogStreaming: Display: ULevelStreaming::RequestLevel(/Game/AdditionMap01/Maps/DLC_Level01/DLC_Level01_Hub/DLC_Level01_G7_Near) is flushing async loading
[2026.04.11-15.34.13:350][  0]LogStreaming: Display: ULevelStreaming::RequestLevel(/Game/AdditionMap01/Maps/DLC_Level01/DLC_Level01_Hub/DLC_Level01_D7_Near) is flushing async loading
[2026.04.11-15.34.13:383][  0]LogStreaming: Display: ULevelStreaming::RequestLevel(/Game/AdditionMap01/Maps/DLC_Level01/DLC_Level01_Hub/DLC_Level01_B2_Near) is flushing async loading
[2026.04.11-15.34.13:412][  0]LogStreaming: Display: ULevelStreaming::RequestLevel(/Game/AdditionMap01/Maps/DLC_Level01/DLC_Level01_Hub/DLC_Level01_B2_Far) is flushing async loading
[2026.04.11-15.34.13:430][  0]LogStreaming: Display: ULevelStreaming::RequestLevel(/Game/AdditionMap01/Maps/DLC_Level01/DLC_Level01_Hub/DLC_Level01_B1_Near) is flushing async loading
[2026.04.11-15.34.13:441][  0]LogStreaming: Display: ULevelStreaming::RequestLevel(/Game/AdditionMap01/Maps/DLC_Level01/DLC_Level01_Hub/DLC_Level01_A6_Far) is flushing async loading
[2026.04.11-15.34.13:454][  0]LogStreaming: Display: ULevelStreaming::RequestLevel(/Game/AdditionMap01/Maps/DLC_Level01/DLC_Level01_Hub/DLC_Level01_A8_Far) is flushing async loading
[2026.04.11-15.34.13:454][  0]LogStreaming: Display: ULevelStreaming::RequestLevel(/Game/AdditionMap01/Maps/DLC_Level01/DLC_Level01_Hub/DLC_Level01_B3_Near) is flushing async loading
[2026.04.11-15.34.13:510][  0]LogStreaming: Display: ULevelStreaming::RequestLevel(/Game/AdditionMap01/Maps/DLC_Level01/DLC_Level01_Hub/DLC_Level01_B4_Far) is flushing async loading
[2026.04.11-15.34.13:540][  0]LogStreaming: Display: ULevelStreaming::RequestLevel(/Game/AdditionMap01/Maps/DLC_Level01/DLC_Level01_Hub/DLC_Level01_B3_Far) is flushing async loading
[2026.04.11-15.34.13:548][  0]LogStreaming: Display: ULevelStreaming::RequestLevel(/Game/AdditionMap01/Maps/DLC_Level01/DLC_Level01_Hub/DLC_Level01_A8_Near) is flushing async loading
[2026.04.11-15.34.13:548][  0]LogStreaming: Display: ULevelStreaming::RequestLevel(/Game/AdditionMap01/Maps/DLC_Level01/DLC_Level01_Hub/DLC_Level01_A7_Near) is flushing async loading
[2026.04.11-15.34.13:550][  0]LogStreaming: Display: ULevelStreaming::RequestLevel(/Game/AdditionMap01/Maps/DLC_Level01/DLC_Level01_Hub/DLC_Level01_B1_Far) is flushing async loading
[2026.04.11-15.34.13:556][  0]LogStreaming: Display: ULevelStreaming::RequestLevel(/Game/AdditionMap01/Maps/DLC_Level01/DLC_Level01_Hub/DLC_Level01_B4_Near) is flushing async loading
[2026.04.11-15.34.13:611][  0]LogStreaming: Display: ULevelStreaming::RequestLevel(/Game/AdditionMap01/Maps/DLC_Level01/DLC_Level01_Ruins/DLC_Level01_SecretRuins_10) is flushing async loading
[2026.04.11-15.34.13:626][  0]LogStreaming: Display: ULevelStreaming::RequestLevel(/Game/AdditionMap01/Maps/DLC_Level01/DLC_Level01_Hub/DLC_Level01_A1_Near) is flushing async loading
[2026.04.11-15.34.13:634][  0]LogStreaming: Display: ULevelStreaming::RequestLevel(/Game/AdditionMap01/Maps/DLC_Level01/CrowdNPC/CrowdNPC_F5) is flushing async loading
[2026.04.11-15.34.13:638][  0]LogStreaming: Display: ULevelStreaming::RequestLevel(/Game/AdditionMap01/Maps/DLC_Level01/DLC_Level01_Hub/DLC_Level01_A2_Far) is flushing async loading
[2026.04.11-15.34.13:640][  0]LogStreaming: Display: ULevelStreaming::RequestLevel(/Game/AdditionMap01/Maps/DLC_Level01/CrowdNPC/CrowdNPC_F6) is flushing async loading
[2026.04.11-15.34.13:641][  0]LogStreaming: Display: ULevelStreaming::RequestLevel(/Game/AdditionMap01/Maps/DLC_Level01/DLC_Level01_Hub/DLC_Level01_A4_Far) is flushing async loading
[2026.04.11-15.34.13:664][  0]LogStreaming: Display: ULevelStreaming::RequestLevel(/Game/AdditionMap01/Maps/DLC_Level01/DLC_Level01_Hub/DLC_Level01_A1_Far) is flushing async loading
[2026.04.11-15.34.13:666][  0]LogStreaming: Display: ULevelStreaming::RequestLevel(/Game/AdditionMap01/Maps/DLC_Level01/DLC_Level01_Hub/DLC_Level01_A3_Near) is flushing async loading
[2026.04.11-15.34.13:696][  0]LogStreaming: Display: ULevelStreaming::RequestLevel(/Game/AdditionMap01/Maps/DLC_Level01/CrowdNPC/CrowdNPC_E6) is flushing async loading
[2026.04.11-15.34.13:697][  0]LogStreaming: Display: ULevelStreaming::RequestLevel(/Game/AdditionMap01/Maps/DLC_Level01/DLC_Level01_Hub/DLC_Level01_A2_Near) is flushing async loading
[2026.04.11-15.34.13:708][  0]LogStreaming: Display: ULevelStreaming::RequestLevel(/Game/AdditionMap01/Maps/DLC_Level01/DLC_Level01_Hub/DLC_Level01_A3_Far) is flushing async loading
[2026.04.11-15.34.13:713][  0]LogStreaming: Display: ULevelStreaming::RequestLevel(/Game/AdditionMap01/Maps/DLC_Level01/CrowdNPC/CrowdNPC_G5) is flushing async loading
[2026.04.11-15.34.13:714][  0]LogStreaming: Display: ULevelStreaming::RequestLevel(/Game/AdditionMap01/Maps/DLC_Level01/DLC_Level01_Weather) is flushing async loading
[2026.04.11-15.34.13:993][  0]LogStreaming: Display: ULevelStreaming::RequestLevel(/Game/AdditionMap01/Maps/DLC_Level01/DLC_Level01_FloatingIslands/DLC_FloatingIslands02) is flushing async loading
[2026.04.11-15.34.14:050][  0]LogStreaming: Display: ULevelStreaming::RequestLevel(/Game/AdditionMap01/Maps/DLC_Level01/DLC_Level01_FloatingIslands/DLC_FloatingIslands01) is flushing async loading
[2026.04.11-15.34.14:106][  0]LogStreaming: Display: ULevelStreaming::RequestLevel(/Game/AdditionMap01/Maps/DLC_Level01/DLC_Level01_Hub/DLC_Level01_G2_Far) is flushing async loading
[2026.04.11-15.34.14:106][  0]LogStreaming: Display: ULevelStreaming::RequestLevel(/Game/AdditionMap01/Maps/DLC_Level01/DLC_Level01_Hub/DLC_Level01_G2_Near) is flushing async loading
[2026.04.11-15.34.14:111][  0]LogStreaming: Display: ULevelStreaming::RequestLevel(/Game/AdditionMap01/Maps/DLC_Level01/DLC_Level01_Hub/DLC_Level01_G3_Far) is flushing async loading
[2026.04.11-15.34.14:111][  0]LogStreaming: Display: ULevelStreaming::RequestLevel(/Game/AdditionMap01/Maps/DLC_Level01/DLC_Level01_Hub/DLC_Level01_G8_Near) is flushing async loading
[2026.04.11-15.34.14:111][  0]LogStreaming: Display: ULevelStreaming::RequestLevel(/Game/AdditionMap01/Maps/DLC_Level01/DLC_Level01_Hub/DLC_Level01_B6_Far) is flushing async loading
[2026.04.11-15.34.14:125][  0]LogStreaming: Display: ULevelStreaming::RequestLevel(/Game/AdditionMap01/Maps/DLC_Level01/DLC_Level01_Hub/DLC_Level01_E2_Far) is flushing async loading
[2026.04.11-15.34.14:156][  0]LogStreaming: Display: ULevelStreaming::RequestLevel(/Game/AdditionMap01/Maps/DLC_Level01/DLC_Level01_Hub/DLC_Level01_E1_Near) is flushing async loading
[2026.04.11-15.34.14:171][  0]LogStreaming: Display: ULevelStreaming::RequestLevel(/Game/AdditionMap01/Maps/DLC_Level01/DLC_Level01_Hub/DLC_Level01_H2_Far) is flushing async loading
[2026.04.11-15.34.14:172][  0]LogStreaming: Display: ULevelStreaming::RequestLevel(/Game/AdditionMap01/Maps/DLC_Level01/DLC_Level01_Hub/DLC_Level01_H1_Near) is flushing async loading
[2026.04.11-15.34.14:172][  0]LogStreaming: Display: ULevelStreaming::RequestLevel(/Game/AdditionMap01/Maps/DLC_Level01/DLC_Level01_Hub/DLC_Level01_H1_Far) is flushing async loading
[2026.04.11-15.34.14:172][  0]LogStreaming: Display: ULevelStreaming::RequestLevel(/Game/AdditionMap01/Maps/DLC_Level01/DLC_Level01_Hub/DLC_Level01_GamePlay3) is flushing async loading
[2026.04.11-15.34.14:281][  0]LogStreaming: Display: ULevelStreaming::RequestLevel(/Game/AdditionMap01/Maps/DLC_Level01/DLC_Level01_Hub/DLC_Level01_GamePlay2) is flushing async loading
[2026.04.11-15.34.14:766][  0]LogStreaming: Display: ULevelStreaming::RequestLevel(/Game/AdditionMap01/Maps/DLC_Level01/DLC_Level01_Hub/DLC_Level01_E3_Far) is flushing async loading
[2026.04.11-15.34.14:792][  0]LogStreaming: Display: ULevelStreaming::RequestLevel(/Game/AdditionMap01/Maps/DLC_Level01/DLC_Level01_Hub/DLC_Level01_E2_Near) is flushing async loading
[2026.04.11-15.34.14:843][  0]LogStreaming: Display: ULevelStreaming::RequestLevel(/Game/AdditionMap01/Maps/DLC_Level01/DLC_Level01_Hub/DLC_Level01_G1_Near) is flushing async loading
[2026.04.11-15.34.14:843][  0]LogStreaming: Display: ULevelStreaming::RequestLevel(/Game/AdditionMap01/Maps/DLC_Level01/DLC_Level01_Hub/DLC_Level01_G1_Far) is flushing async loading
[2026.04.11-15.34.14:844][  0]LogStreaming: Display: ULevelStreaming::RequestLevel(/Game/AdditionMap01/Maps/DLC_Level01/DLC_Level01_Hub/DLC_Level01_F7_Near) is flushing async loading
[2026.04.11-15.34.14:901][  0]LogStreaming: Display: ULevelStreaming::RequestLevel(/Game/AdditionMap01/Maps/DLC_Level01/DLC_Level01_Hub/DLC_Level01_F7_Far) is flushing async loading
[2026.04.11-15.34.15:009][  0]LogStreaming: Display: ULevelStreaming::RequestLevel(/Game/AdditionMap01/Maps/DLC_Level01/DLC_Level01_Hub/DLC_Level01_F6_Near) is flushing async loading
[2026.04.11-15.34.15:110][  0]LogStreaming: Display: ULevelStreaming::RequestLevel(/Game/AdditionMap01/Maps/DLC_Level01/DLC_Level01_Hub/DLC_Level01_F6_Far) is flushing async loading
[2026.04.11-15.34.15:146][  0]LogStreaming: Display: ULevelStreaming::RequestLevel(/Game/AdditionMap01/Maps/DLC_Level01/DLC_Level01_Hub/DLC_Level01_F5_Near) is flushing async loading
[2026.04.11-15.34.15:224][  0]LogStreaming: Display: ULevelStreaming::RequestLevel(/Game/AdditionMap01/Maps/DLC_Level01/DLC_Level01_Hub/DLC_Level01_F5_Far) is flushing async loading
[2026.04.11-15.34.15:239][  0]LogStreaming: Display: ULevelStreaming::RequestLevel(/Game/AdditionMap01/Maps/DLC_Level01/DLC_Level01_Hub/DLC_Level01_E1_Far) is flushing async loading
[2026.04.11-15.34.15:253][  1]LogNet: UNetDriver::TickDispatch: Very long time between ticks. DeltaTime: 9.65, Realtime: 9.65. SteamNetDriver_2147474235
[2026.04.11-15.34.36:031][  1]LogOnline: STEAM: FOnlineAsyncEventSteamServerConnectedGS ServerId: Server[0x140C1080EACAC12]
[2026.04.11-15.34.36:031][  1]logGameXishu: UHGameXiShuGuanLiQi::LoadFromJsonFile File:../../../WS/Saved/GameplaySettings/GameXishu.json Success.
[2026.04.11-15.34.36:950][  1]LogPhysics: Warning: Component StaticMeshComponent0 at location X=7688.156 Y=694533.000 Z=-53569.688 has physics bodies outside of MBP bounds. Check MBP bounds are correct for this world, collisions are disabled for bodies outside of MBP bounds when MBP is enabled.
[2026.04.11-15.34.36:950][  1]LogPhysics: Warning: Actor /Game/AdditionMap01/Maps/DLC_Level01/DLC_Level01_Landscape.DLC_Level01_Landscape:PersistentLevel.Plane85_2 at location X=7688.156 Y=694533.000 Z=-53569.688 has physics bodies outside of MBP bounds. Check MBP bounds are correct for this world, collisions are disabled for bodies outside of MBP bounds when MBP is enabled.
[2026.04.11-15.34.36:950][  1]LogPhysics: Warning: Component StaticMeshComponent0 at location X=-580898.438 Y=-86289.367 Z=-53569.625 has physics bodies outside of MBP bounds. Check MBP bounds are correct for this world, collisions are disabled for bodies outside of MBP bounds when MBP is enabled.
[2026.04.11-15.34.36:950][  1]LogPhysics: Warning: Actor /Game/AdditionMap01/Maps/DLC_Level01/DLC_Level01_Landscape.DLC_Level01_Landscape:PersistentLevel.Plane86 at location X=-580898.438 Y=-86289.367 Z=-53569.625 has physics bodies outside of MBP bounds. Check MBP bounds are correct for this world, collisions are disabled for bodies outside of MBP bounds when MBP is enabled.
[2026.04.11-15.34.36:950][  1]LogPhysics: Warning: Component StaticMeshComponent0 at location X=606978.438 Y=-88699.109 Z=-53569.625 has physics bodies outside of MBP bounds. Check MBP bounds are correct for this world, collisions are disabled for bodies outside of MBP bounds when MBP is enabled.
[2026.04.11-15.34.36:950][  1]LogPhysics: Warning: Actor /Game/AdditionMap01/Maps/DLC_Level01/DLC_Level01_Landscape.DLC_Level01_Landscape:PersistentLevel.Plane87 at location X=606978.438 Y=-88699.109 Z=-53569.625 has physics bodies outside of MBP bounds. Check MBP bounds are correct for this world, collisions are disabled for bodies outside of MBP bounds when MBP is enabled.
[2026.04.11-15.34.36:950][  1]LogPhysics: Warning: Component StaticMeshComponent0 at location X=7687.404 Y=-805696.750 Z=-53569.688 has physics bodies outside of MBP bounds. Check MBP bounds are correct for this world, collisions are disabled for bodies outside of MBP bounds when MBP is enabled.
[2026.04.11-15.34.36:950][  1]LogPhysics: Warning: Actor /Game/AdditionMap01/Maps/DLC_Level01/DLC_Level01_Landscape.DLC_Level01_Landscape:PersistentLevel.Plane88 at location X=7687.404 Y=-805696.750 Z=-53569.688 has physics bodies outside of MBP bounds. Check MBP bounds are correct for this world, collisions are disabled for bodies outside of MBP bounds when MBP is enabled.
[2026.04.11-15.34.36:950][  1]LogPhysics: Warning: Component StaticMeshComponent0 at location X=-4499245.000 Y=-3003911.250 Z=25980.000 has physics bodies outside of MBP bounds. Check MBP bounds are correct for this world, collisions are disabled for bodies outside of MBP bounds when MBP is enabled.
[2026.04.11-15.34.36:950][  1]LogPhysics: Warning: Actor /Game/AdditionMap01/Maps/DLC_Level01/DLC_Level01_Weather.DLC_Level01_Weather:PersistentLevel.Plane_2 at location X=-4499245.000 Y=-3003911.250 Z=25980.000 has physics bodies outside of MBP bounds. Check MBP bounds are correct for this world, collisions are disabled for bodies outside of MBP bounds when MBP is enabled.
[2026.04.11-15.34.36:950][  1]LogPhysics: Warning: Component StaticMeshComponent0 at location X=-4499213.000 Y=4495994.500 Z=25980.000 has physics bodies outside of MBP bounds. Check MBP bounds are correct for this world, collisions are disabled for bodies outside of MBP bounds when MBP is enabled.
[2026.04.11-15.34.36:950][  1]LogPhysics: Warning: Actor /Game/AdditionMap01/Maps/DLC_Level01/DLC_Level01_Weather.DLC_Level01_Weather:PersistentLevel.Plane10 at location X=-4499213.000 Y=4495994.500 Z=25980.000 has physics bodies outside of MBP bounds. Check MBP bounds are correct for this world, collisions are disabled for bodies outside of MBP bounds when MBP is enabled.
[2026.04.11-15.34.36:950][  1]LogPhysics: Warning: Component StaticMeshComponent0 at location X=714.500 Y=4495914.500 Z=25980.000 has physics bodies outside of MBP bounds. Check MBP bounds are correct for this world, collisions are disabled for bodies outside of MBP bounds when MBP is enabled.
[2026.04.11-15.34.36:950][  1]LogPhysics: Warning: Actor /Game/AdditionMap01/Maps/DLC_Level01/DLC_Level01_Weather.DLC_Level01_Weather:PersistentLevel.Plane11 at location X=714.500 Y=4495914.500 Z=25980.000 has physics bodies outside of MBP bounds. Check MBP bounds are correct for this world, collisions are disabled for bodies outside of MBP bounds when MBP is enabled.
[2026.04.11-15.34.36:950][  1]LogPhysics: Warning: Component StaticMeshComponent0 at location X=4500149.000 Y=4495593.500 Z=25980.000 has physics bodies outside of MBP bounds. Check MBP bounds are correct for this world, collisions are disabled for bodies outside of MBP bounds when MBP is enabled.
[2026.04.11-15.34.36:950][  1]LogPhysics: Warning: Actor /Game/AdditionMap01/Maps/DLC_Level01/DLC_Level01_Weather.DLC_Level01_Weather:PersistentLevel.Plane12 at location X=4500149.000 Y=4495593.500 Z=25980.000 has physics bodies outside of MBP bounds. Check MBP bounds are correct for this world, collisions are disabled for bodies outside of MBP bounds when MBP is enabled.
[2026.04.11-15.34.36:950][  1]LogPhysics: Warning: Component StaticMeshComponent0 at location X=4499787.000 Y=-3003992.250 Z=25980.000 has physics bodies outside of MBP bounds. Check MBP bounds are correct for this world, collisions are disabled for bodies outside of MBP bounds when MBP is enabled.
[2026.04.11-15.34.36:950][  1]LogPhysics: Warning: Actor /Game/AdditionMap01/Maps/DLC_Level01/DLC_Level01_Weather.DLC_Level01_Weather:PersistentLevel.Plane13 at location X=4499787.000 Y=-3003992.250 Z=25980.000 has physics bodies outside of MBP bounds. Check MBP bounds are correct for this world, collisions are disabled for bodies outside of MBP bounds when MBP is enabled.
[2026.04.11-15.34.36:950][  1]LogPhysics: Warning: Component StaticMeshComponent0 at location X=713.750 Y=-3748642.500 Z=25979.250 has physics bodies outside of MBP bounds. Check MBP bounds are correct for this world, collisions are disabled for bodies outside of MBP bounds when MBP is enabled.
[2026.04.11-15.34.36:950][  1]LogPhysics: Warning: Actor /Game/AdditionMap01/Maps/DLC_Level01/DLC_Level01_Weather.DLC_Level01_Weather:PersistentLevel.Plane18 at location X=713.750 Y=-3748642.500 Z=25979.250 has physics bodies outside of MBP bounds. Check MBP bounds are correct for this world, collisions are disabled for bodies outside of MBP bounds when MBP is enabled.
[2026.04.11-15.34.41:426][  1]LogUObjectHash: Compacting FUObjectHashTables data took  51.37ms
[2026.04.11-15.34.41:429][  1]LogStreaming: Display: ULevelStreaming::RequestLevel(/Game/AdditionMap01/Maps/DLC_Egypt_Dungeons/Level/MonsterRoom/EG_Level_Relic_Room_S_111_LI_DLC_Level01_Main_0_3823177719G) is flushing async loading
[2026.04.11-15.34.41:459][  1]LogSnapMapStreamingData: Deserialized 0 actors
[2026.04.11-15.34.41:459][  1]LogStreaming: Display: ULevelStreaming::RequestLevel(/Game/AdditionMap01/Maps/DLC_Egypt_Dungeons/Level/MonsterRoom/EG_Level_Relic_Room_S_111_LI_DLC_Level01_Main_0_1872099383G) is flushing async loading
[2026.04.11-15.34.41:463][  1]LogSnapMapStreamingData: Deserialized 0 actors
[2026.04.11-15.34.41:463][  1]LogStreaming: Display: ULevelStreaming::RequestLevel(/Game/AdditionMap01/Maps/DLC_Egypt_Dungeons/Level/MonsterRoom/EG_Level_Relic_Room_Treasure_111_LI_DLC_Level01_Main_0_3356026701G) is flushing async loading
[2026.04.11-15.34.41:470][  1]LogSnapMapStreamingData: Deserialized 0 actors
[2026.04.11-15.34.41:470][  1]LogStreaming: Display: ULevelStreaming::RequestLevel(/Game/AdditionMap01/Maps/DLC_Egypt_Dungeons/Level/BossRoom/EG_Level_Relic_Boss_364_LI_DLC_Level01_Main_0_1723503748G) is flushing async loading
[2026.04.11-15.34.41:492][  1]LogSnapMapStreamingData: Deserialized 0 actors
[2026.04.11-15.34.41:492][  1]LogStreaming: Display: ULevelStreaming::RequestLevel(/Game/AdditionMap01/Maps/DLC_Egypt_Dungeons/Level/MonsterRoom/EG_Level_Relic_Room_S_112_LI_DLC_Level01_Main_0_2426490982G) is flushing async loading
[2026.04.11-15.34.41:508][  1]LogSnapMapStreamingData: Deserialized 0 actors
[2026.04.11-15.34.41:508][  1]LogStreaming: Display: ULevelStreaming::RequestLevel(/Game/AdditionMap01/Maps/DLC_Egypt_Dungeons/Level/MonsterRoom/EG_Level_Relic_Room_S_111_LI_DLC_Level01_Main_0_3063856069G) is flushing async loading
[2026.04.11-15.34.41:511][  1]LogSnapMapStreamingData: Deserialized 0 actors
[2026.04.11-15.34.41:511][  1]LogStreaming: Display: ULevelStreaming::RequestLevel(/Game/AdditionMap01/Maps/DLC_Egypt_Dungeons/Level/MonsterRoom/EG_Level_Relic_Room_S_111_LI_DLC_Level01_Main_0_1951148438G) is flushing async loading
[2026.04.11-15.34.41:514][  1]LogSnapMapStreamingData: Deserialized 0 actors
[2026.04.11-15.34.41:514][  1]LogStreaming: Display: ULevelStreaming::RequestLevel(/Game/AdditionMap01/Maps/DLC_Egypt_Dungeons/Level/MonsterRoom/EG_Level_Relic_Room_S_111_LI_DLC_Level01_Main_0_2361674382G) is flushing async loading
[2026.04.11-15.34.41:517][  1]LogSnapMapStreamingData: Deserialized 0 actors
[2026.04.11-15.34.41:517][  1]LogStreaming: Display: ULevelStreaming::RequestLevel(/Game/AdditionMap01/Maps/DLC_Egypt_Dungeons/Level/MonsterRoom/EG_Level_Relic_Room_L_333_LI_DLC_Level01_Main_0_2621439724G) is flushing async loading
[2026.04.11-15.34.41:576][  1]LogSnapMapStreamingData: Deserialized 0 actors
[2026.04.11-15.34.41:576][  1]LogStreaming: Display: ULevelStreaming::RequestLevel(/Game/AdditionMap01/Maps/DLC_Egypt_Dungeons/Level/MonsterRoom/EG_Level_Relic_Room_M_231_LI_DLC_Level01_Main_0_707157115G) is flushing async loading
[2026.04.11-15.34.41:598][  1]LogSnapMapStreamingData: Deserialized 0 actors
[2026.04.11-15.34.41:598][  1]LogStreaming: Display: ULevelStreaming::RequestLevel(/Game/AdditionMap01/Maps/DLC_Egypt_Dungeons/Level/SpawnRoom/EG_Level_Relic_Born_122_LI_DLC_Level01_Main_0_452542268G) is flushing async loading
[2026.04.11-15.34.41:607][  1]LogSnapMapStreamingData: Deserialized 0 actors
[2026.04.11-15.34.41:607][  1]LogStreaming: Display: ULevelStreaming::RequestLevel(/Game/AdditionMap01/Maps/DLC_Egypt_Dungeons/Level/Corridor/EG_Level_Relic_Corridor_Lift_112_LI_DLC_Level01_Main_0_1764028548G) is flushing async loading
[2026.04.11-15.34.41:615][  1]LogSnapMapStreamingData: Deserialized 0 actors
[2026.04.11-15.34.41:615][  1]LogStreaming: Display: ULevelStreaming::RequestLevel(/Game/AdditionMap01/Maps/DLC_Egypt_Dungeons/Level/MonsterRoom/EG_Level_Relic_Room_Treasure_111_LI_DLC_Level01_Main_0_894011662G) is flushing async loading
[2026.04.11-15.34.41:618][  1]LogSnapMapStreamingData: Deserialized 0 actors
[2026.04.11-15.34.41:618][  1]LogStreaming: Display: ULevelStreaming::RequestLevel(/Game/AdditionMap01/Maps/DLC_Egypt_Dungeons/Level/MonsterRoom/EG_Level_Relic_Room_M_221_LI_DLC_Level01_Main_0_424197424G) is flushing async loading
[2026.04.11-15.34.41:631][  1]LogSnapMapStreamingData: Deserialized 0 actors
[2026.04.11-15.34.41:631][  1]LogStreaming: Display: ULevelStreaming::RequestLevel(/Game/AdditionMap01/Maps/DLC_Egypt_Dungeons/Level/BossRoom/EG_Level_Relic_Elite_343_LI_DLC_Level01_Main_0_2453193470G) is flushing async loading
[2026.04.11-15.34.41:653][  1]LogSnapMapStreamingData: Deserialized 0 actors
[2026.04.11-15.34.41:653][  1]LogStreaming: Display: ULevelStreaming::RequestLevel(/Game/AdditionMap01/Maps/DLC_Egypt_Dungeons/Level/MonsterRoom/EG_Level_Relic_Room_M_133_LI_DLC_Level01_Main_0_79110414G) is flushing async loading
[2026.04.11-15.34.41:677][  1]LogSnapMapStreamingData: Deserialized 0 actors
[2026.04.11-15.34.41:677][  1]LogStreaming: Display: ULevelStreaming::RequestLevel(/Game/AdditionMap01/Maps/DLC_Egypt_Dungeons/Level/MonsterRoom/EG_Level_Relic_Room_S_121_LI_DLC_Level01_Main_0_3623564712G) is flushing async loading
[2026.04.11-15.34.41:688][  1]LogSnapMapStreamingData: Deserialized 0 actors
[2026.04.11-15.34.41:688][  1]LogStreaming: Display: ULevelStreaming::RequestLevel(/Game/AdditionMap01/Maps/DLC_Egypt_Dungeons/Level/MonsterRoom/EG_Level_Relic_Room_Treasure_111_LI_DLC_Level01_Main_0_1010278754G) is flushing async loading
[2026.04.11-15.34.41:691][  1]LogSnapMapStreamingData: Deserialized 0 actors
[2026.04.11-15.34.41:691][  1]LogLevel: ActivateLevel /Game/AdditionMap01/Maps/DLC_Level01/DLC_Level01_Hub/DLC_Level01_Boss02 1 1 1
[2026.04.11-15.34.41:691][  2]logSoulmaskSession: [SERVER_LIST] registe server soulmask session succeed.
[2026.04.11-15.34.41:699][  2]LogNet: UNetDriver::TickDispatch: Very long time between ticks. DeltaTime: 26.44, Realtime: 26.45. SteamNetDriver_2147474235
[2026.04.11-15.34.41:710][  2]LogWS: UHDiXiaChengGuanLiQi::OnDungeonBuildComplete Succcessed!  Name = DungeonEGLv60, Index = 0
[2026.04.11-15.34.41:710][  2]LogWS: Create Dungeon Successed: DungeonEGLv60, Index = 0, Seed = 242018, Use Time = 5.680916, TryNum = 1
[2026.04.11-15.34.42:025][  2]LogUObjectHash: Compacting FUObjectHashTables data took  42.70ms
[2026.04.11-15.34.42:029][  2]LogStreaming: Display: ULevelStreaming::RequestLevel(/Game/AdditionMap01/Maps/DLC_Level01/DLC_Level01_Hub/DLC_Level01_Boss02) is flushing async loading
[2026.04.11-15.34.42:043][  3]LogOnlineGame: Display: OnCreateSessionComplete GameSession bSuccess: 1
[2026.04.11-15.35.04:887][  3]SnapGridDungeonBuilderLog: Error: Failed to generate grid flow graph
[2026.04.11-15.35.06:547][  3]LogUObjectHash: Compacting FUObjectHashTables data took  77.00ms
[2026.04.11-15.35.06:552][  4]LogNet: UNetDriver::TickDispatch: Very long time between ticks. DeltaTime: 24.51, Realtime: 24.51. SteamNetDriver_2147474235
[2026.04.11-15.35.06:552][  4]LogNet: NotifyAcceptingConnection accepted from: 47.158.121.138:59759
[2026.04.11-15.35.06:552][  4]LogNet: NotifyAcceptingConnection accepted from: 47.158.121.138:59759
[2026.04.11-15.35.06:552][  4]LogNet: NotifyAcceptingConnection accepted from: 47.158.121.138:59759
[2026.04.11-15.35.06:552][  4]LogNet: NotifyAcceptingConnection accepted from: 47.158.121.138:59759
[2026.04.11-15.35.06:552][  4]LogNet: NotifyAcceptingConnection accepted from: 47.158.121.138:59759
[2026.04.11-15.35.06:552][  4]LogNet: NotifyAcceptingConnection accepted from: 47.158.121.138:59759
[2026.04.11-15.35.06:552][  4]LogNet: NotifyAcceptingConnection accepted from: 47.158.121.138:59759
[2026.04.11-15.35.06:552][  4]LogNet: NotifyAcceptingConnection accepted from: 47.158.121.138:59759
[2026.04.11-15.35.06:552][  4]LogNet: NotifyAcceptingConnection accepted from: 172.59.193.1:45189
[2026.04.11-15.35.06:552][  4]LogNet: NotifyAcceptingConnection accepted from: 47.158.121.138:59759
[2026.04.11-15.35.06:552][  4]LogNet: NotifyAcceptingConnection accepted from: 172.59.193.1:45189
[2026.04.11-15.35.06:552][  4]LogNet: NotifyAcceptingConnection accepted from: 47.158.121.138:59759
[2026.04.11-15.35.06:552][  4]LogNet: NotifyAcceptingConnection accepted from: 172.59.193.1:45189
[2026.04.11-15.35.06:552][  4]LogNet: NotifyAcceptingConnection accepted from: 47.158.121.138:59759
[2026.04.11-15.35.06:552][  4]LogNet: NotifyAcceptingConnection accepted from: 172.59.193.1:45189
[2026.04.11-15.35.06:552][  4]LogNet: NotifyAcceptingConnection accepted from: 47.158.121.138:59759
[2026.04.11-15.35.06:552][  4]LogNet: NotifyAcceptingConnection accepted from: 172.59.193.1:45189
[2026.04.11-15.35.06:552][  4]LogNet: NotifyAcceptingConnection accepted from: 47.158.121.138:59759
[2026.04.11-15.35.06:552][  4]LogNet: NotifyAcceptingConnection accepted from: 172.59.193.1:45189
[2026.04.11-15.35.06:552][  4]LogNet: NotifyAcceptingConnection accepted from: 47.158.121.138:59759
[2026.04.11-15.35.06:552][  4]LogNet: NotifyAcceptingConnection accepted from: 172.59.193.1:45189
[2026.04.11-15.35.06:552][  4]LogNet: NotifyAcceptingConnection accepted from: 47.158.121.138:59759
[2026.04.11-15.35.06:552][  4]LogNet: NotifyAcceptingConnection accepted from: 172.59.193.1:45189
[2026.04.11-15.35.06:552][  4]LogNet: NotifyAcceptingConnection accepted from: 47.158.121.138:59759
[2026.04.11-15.35.06:552][  4]LogNet: NotifyAcceptingConnection accepted from: 172.59.193.1:45189
[2026.04.11-15.35.06:552][  4]LogNet: NotifyAcceptingConnection accepted from: 47.158.121.138:59759
[2026.04.11-15.35.06:552][  4]LogNet: NotifyAcceptingConnection accepted from: 172.59.193.1:45189
[2026.04.11-15.35.06:552][  4]LogNet: NotifyAcceptingConnection accepted from: 47.158.121.138:59759
[2026.04.11-15.35.06:552][  4]LogNet: NotifyAcceptingConnection accepted from: 172.59.193.1:45189
[2026.04.11-15.35.06:552][  4]LogNet: NotifyAcceptingConnection accepted from: 47.158.121.138:59759
[2026.04.11-15.35.06:552][  4]LogNet: NotifyAcceptingConnection accepted from: 172.59.193.1:45189
[2026.04.11-15.35.10:527][  4]LogWS: Create Dungeon Failed: DungeonEGLv60, Index = 1, Seed = 890415, TryNum = 1
[2026.04.11-15.35.16:013][  4]LogUObjectHash: Compacting FUObjectHashTables data took  64.26ms
[2026.04.11-15.35.16:023][  5]LogNet: UNetDriver::TickDispatch: Very long time between ticks. DeltaTime: 9.47, Realtime: 9.47. SteamNetDriver_2147474235
[2026.04.11-15.35.16:023][  5]LogNet: NotifyAcceptingConnection accepted from: 172.59.193.1:45189
[2026.04.11-15.35.16:023][  5]LogNet: Server accepting post-challenge connection from: 172.59.193.1:45189
[2026.04.11-15.35.16:024][  5]PacketHandlerLog: Loaded PacketHandler component: PacketCheckHandlerComponent ()
[2026.04.11-15.35.16:024][  5]PacketHandlerLog: Loaded PacketHandler component: OnlineSubsystemSteam.SteamAuthComponentModuleInterface ()
[2026.04.11-15.35.16:024][  5]PacketHandlerLog: Loaded PacketHandler component: AESHandlerComponent ()
[2026.04.11-15.35.16:024][  5]LogHandshake: Warning: INIT CLIENT ONLINE PLATFROM: 0
[2026.04.11-15.35.16:024][  5]PacketHandlerLog: Loaded PacketHandler component: Engine.EngineHandlerComponentFactory (StatelessConnectHandlerComponent)
[2026.04.11-15.35.16:024][  5]LogNet: NotifyAcceptedConnection: Name: DLC_Level01_Main, TimeStamp: 04/11/26 08:35:16, [UNetConnection] RemoteAddr: 172.59.193.1:45189, Name: SteamNetConnection_2146573722, Driver: GameNetDriver SteamNetDriver_2147474235, IsServer: YES, PC: NULL, Owner: NULL, UniqueId: INVALID
[2026.04.11-15.35.16:024][  5]LogNet: AddClientConnection: Added client connection: [UNetConnection] RemoteAddr: 172.59.193.1:45189, Name: SteamNetConnection_2146573722, Driver: GameNetDriver SteamNetDriver_2147474235, IsServer: YES, PC: NULL, Owner: NULL, UniqueId: INVALID
[2026.04.11-15.35.18:787][  5]LogWS: Create Dungeon Failed: DungeonEGLv60, Index = 1, Seed = 623012, TryNum = 2
[2026.04.11-15.35.26:382][  5]SnapGridDungeonBuilderLog: Error: Failed to generate grid flow graph
[2026.04.11-15.35.27:834][  5]LogUObjectHash: Compacting FUObjectHashTables data took  66.54ms
[2026.04.11-15.35.27:839][  6]LogNet: UNetDriver::TickDispatch: Very long time between ticks. DeltaTime: 11.82, Realtime: 11.82. SteamNetDriver_2147474235
[2026.04.11-15.35.27:839][  6]LogOnline: STEAM: AUTH HANDLER: Sending auth result to user 76561198341450058 with flag success? 1
[2026.04.11-15.35.27:839][  6]LogNet: NotifyAcceptingConnection accepted from: 47.158.121.138:49949
[2026.04.11-15.35.27:839][  6]LogOnline: STEAM: AUTH HANDLER: Got request from 76561198341450058 to resend result
[2026.04.11-15.35.27:839][  6]LogOnline: STEAM: AUTH: The user 76561198341450058 has authenticated or is currently authenticating. Skipping reauth
[2026.04.11-15.35.27:839][  6]LogOnline: STEAM: AUTH HANDLER: Sending auth result to user 76561198341450058 with flag success? 1
[2026.04.11-15.35.27:839][  6]LogNetSerialization: Error: FBitReader::SetOverflowed() called! (ReadLen: 32, Remaining: 8, Max: 8)
[2026.04.11-15.35.27:839][  6]LogNet: NotifyAcceptingConnection accepted from: 47.158.121.138:49949
[2026.04.11-15.35.27:839][  6]LogNet: NotifyAcceptingConnection accepted from: 47.158.121.138:49949
[2026.04.11-15.35.27:839][  6]LogNet: NotifyAcceptingConnection accepted from: 47.158.121.138:49949
[2026.04.11-15.35.27:839][  6]LogNet: NotifyAcceptingConnection accepted from: 47.158.121.138:49949
[2026.04.11-15.35.27:839][  6]LogOnline: STEAM: AUTH HANDLER: Got request from 76561198341450058 to resend result
[2026.04.11-15.35.27:839][  6]LogOnline: STEAM: AUTH: The user 76561198341450058 has authenticated or is currently authenticating. Skipping reauth
[2026.04.11-15.35.27:839][  6]LogOnline: STEAM: AUTH HANDLER: Sending auth result to user 76561198341450058 with flag success? 1
[2026.04.11-15.35.27:839][  6]LogNetSerialization: Error: FBitReader::SetOverflowed() called! (ReadLen: 32, Remaining: 8, Max: 8)
[2026.04.11-15.35.27:839][  6]LogNet: NotifyAcceptingConnection accepted from: 47.158.121.138:49949
[2026.04.11-15.35.27:839][  6]LogNet: NotifyAcceptingConnection accepted from: 47.158.121.138:49949
[2026.04.11-15.35.27:839][  6]LogNet: NotifyAcceptingConnection accepted from: 47.158.121.138:49949
[2026.04.11-15.35.27:839][  6]LogNet: NotifyAcceptingConnection accepted from: 47.158.121.138:49949
[2026.04.11-15.35.27:839][  6]LogNet: NotifyAcceptingConnection accepted from: 47.158.121.138:49949
[2026.04.11-15.35.28:707][  6]LogWS: Create Dungeon Failed: DungeonEGLv60, Index = 1, Seed = 800045, TryNum = 3
[2026.04.11-15.35.33:711][  6]LogUObjectHash: Compacting FUObjectHashTables data took  64.20ms
[2026.04.11-15.35.33:716][  7]LogOnlineGame: Error: OnSteamAuthFailure id: 76561198341450058
[2026.04.11-15.35.33:716][  7]LogNet: UNetDriver::TickDispatch: Very long time between ticks. DeltaTime: 5.88, Realtime: 5.88. SteamNetDriver_2147474235
[2026.04.11-15.35.33:716][  7]LogNet: NotifyAcceptingConnection accepted from: 47.158.121.138:49949
[2026.04.11-15.35.33:716][  7]LogNet: Server accepting post-challenge connection from: 47.158.121.138:49949
[2026.04.11-15.35.33:717][  7]PacketHandlerLog: Loaded PacketHandler component: PacketCheckHandlerComponent ()
[2026.04.11-15.35.33:717][  7]PacketHandlerLog: Loaded PacketHandler component: OnlineSubsystemSteam.SteamAuthComponentModuleInterface ()
[2026.04.11-15.35.33:717][  7]PacketHandlerLog: Loaded PacketHandler component: AESHandlerComponent ()
[2026.04.11-15.35.33:717][  7]LogHandshake: Warning: INIT CLIENT ONLINE PLATFROM: 0
[2026.04.11-15.35.33:717][  7]PacketHandlerLog: Loaded PacketHandler component: Engine.EngineHandlerComponentFactory (StatelessConnectHandlerComponent)
[2026.04.11-15.35.33:720][  7]LogNet: NotifyAcceptedConnection: Name: DLC_Level01_Main, TimeStamp: 04/11/26 08:35:33, [UNetConnection] RemoteAddr: 47.158.121.138:49949, Name: SteamNetConnection_2146151125, Driver: GameNetDriver SteamNetDriver_2147474235, IsServer: YES, PC: NULL, Owner: NULL, UniqueId: INVALID
[2026.04.11-15.35.33:720][  7]LogNet: AddClientConnection: Added client connection: [UNetConnection] RemoteAddr: 47.158.121.138:49949, Name: SteamNetConnection_2146151125, Driver: GameNetDriver SteamNetDriver_2147474235, IsServer: YES, PC: NULL, Owner: NULL, UniqueId: INVALID
[2026.04.11-15.35.33:721][  7]LogNet: NotifyAcceptingChannel Control 0 server World /Game/AdditionMap01/Maps/DLC_Level01/DLC_Level01_Main.DLC_Level01_Main: Accepted
[2026.04.11-15.35.33:721][  7]LogNet: Remote platform little endian=1
[2026.04.11-15.35.33:721][  7]LogNet: This platform little endian=1
[2026.04.11-15.35.33:721][  7]LogNetVersion: WS 1.0.0, NetCL: 0, EngineNetVer: 17, GameNetVer: 0 (Checksum: 3485178411)
[2026.04.11-15.35.33:721][  7]LogNet: UChannel::ReceivedSequencedBunch: Bunch.bClose == true. ChIndex == 0. Calling ConditionalCleanUp.
[2026.04.11-15.35.33:721][  7]LogNet: UChannel::CleanUp: ChIndex == 0. Closing connection. [UChannel] ChIndex: 0, Closing: 0 [UNetConnection] RemoteAddr: 172.59.193.1:45189, Name: SteamNetConnection_2146573722, Driver: GameNetDriver SteamNetDriver_2147474235, IsServer: YES, PC: NULL, Owner: NULL, UniqueId: INVALID
[2026.04.11-15.35.33:721][  7]LogNet: UNetConnection::Close: [UNetConnection] RemoteAddr: 172.59.193.1:45189, Name: SteamNetConnection_2146573722, Driver: GameNetDriver SteamNetDriver_2147474235, IsServer: YES, PC: NULL, Owner: NULL, UniqueId: INVALID, Channels: 2, Time: 2026.04.11-15.35.33
[2026.04.11-15.35.33:721][  7]LogNet: UChannel::Close: Sending CloseBunch. ChIndex == 0. Name: [UChannel] ChIndex: 0, Closing: 0 [UNetConnection] RemoteAddr: 172.59.193.1:45189, Name: SteamNetConnection_2146573722, Driver: GameNetDriver SteamNetDriver_2147474235, IsServer: YES, PC: NULL, Owner: NULL, UniqueId: INVALID
[2026.04.11-15.35.34:315][  7]LogWS: Create Dungeon Failed: DungeonEGLv60, Index = 1, Seed = 527137, TryNum = 4
[2026.04.11-15.35.40:737][  7]LogUObjectHash: Compacting FUObjectHashTables data took  61.71ms
[2026.04.11-15.35.40:741][  7]LogStreaming: Display: ULevelStreaming::RequestLevel(/Game/AdditionMap01/Maps/DLC_Egypt_Dungeons/Level/MonsterRoom/EG_Level_Relic_Room_Treasure_111_LI_DLC_Level01_Main_0_3796764991G) is flushing async loading
[2026.04.11-15.35.40:755][  7]LogSnapMapStreamingData: Deserialized 0 actors
[2026.04.11-15.35.40:755][  7]LogStreaming: Display: ULevelStreaming::RequestLevel(/Game/AdditionMap01/Maps/DLC_Egypt_Dungeons/Level/MonsterRoom/EG_Level_Relic_Room_Treasure_111_LI_DLC_Level01_Main_0_1659407147G) is flushing async loading
[2026.04.11-15.35.40:759][  7]LogSnapMapStreamingData: Deserialized 0 actors
[2026.04.11-15.35.40:759][  7]LogStreaming: Display: ULevelStreaming::RequestLevel(/Game/AdditionMap01/Maps/DLC_Egypt_Dungeons/Level/MonsterRoom/EG_Level_Relic_Room_S_122_LI_DLC_Level01_Main_0_792320016G) is flushing async loading
[2026.04.11-15.35.40:792][  7]LogSnapMapStreamingData: Deserialized 0 actors
[2026.04.11-15.35.40:793][  7]LogStreaming: Display: ULevelStreaming::RequestLevel(/Game/AdditionMap01/Maps/DLC_Egypt_Dungeons/Level/MonsterRoom/EG_Level_Relic_Room_S_111_LI_DLC_Level01_Main_0_2382421672G) is flushing async loading
[2026.04.11-15.35.40:800][  7]LogSnapMapStreamingData: Deserialized 0 actors
[2026.04.11-15.35.40:800][  7]LogStreaming: Display: ULevelStreaming::RequestLevel(/Game/AdditionMap01/Maps/DLC_Egypt_Dungeons/Level/MonsterRoom/EG_Level_Relic_Room_S_121_LI_DLC_Level01_Main_0_577792308G) is flushing async loading
[2026.04.11-15.35.40:813][  7]LogSnapMapStreamingData: Deserialized 0 actors
[2026.04.11-15.35.40:813][  7]LogStreaming: Display: ULevelStreaming::RequestLevel(/Game/AdditionMap01/Maps/DLC_Egypt_Dungeons/Level/BossRoom/EG_Level_Relic_Boss_364_LI_DLC_Level01_Main_0_3506506800G) is flushing async loading
[2026.04.11-15.35.40:824][  7]LogSnapMapStreamingData: Deserialized 0 actors
[2026.04.11-15.35.40:824][  7]LogStreaming: Display: ULevelStreaming::RequestLevel(/Game/AdditionMap01/Maps/DLC_Egypt_Dungeons/Level/MonsterRoom/EG_Level_Relic_Room_S_111_LI_DLC_Level01_Main_0_1583346578G) is flushing async loading
[2026.04.11-15.35.40:831][  7]LogSnapMapStreamingData: Deserialized 0 actors
[2026.04.11-15.35.40:831][  7]LogStreaming: Display: ULevelStreaming::RequestLevel(/Game/AdditionMap01/Maps/DLC_Egypt_Dungeons/Level/MonsterRoom/EG_Level_Relic_Room_S_122_LI_DLC_Level01_Main_0_4036543102G) is flushing async loading
[2026.04.11-15.35.40:846][  7]LogSnapMapStreamingData: Deserialized 0 actors
[2026.04.11-15.35.40:846][  7]LogStreaming: Display: ULevelStreaming::RequestLevel(/Game/AdditionMap01/Maps/DLC_Egypt_Dungeons/Level/MonsterRoom/EG_Level_Relic_Room_M_133_LI_DLC_Level01_Main_0_4004059131G) is flushing async loading
[2026.04.11-15.35.40:871][  7]LogSnapMapStreamingData: Deserialized 0 actors
[2026.04.11-15.35.40:871][  7]LogStreaming: Display: ULevelStreaming::RequestLevel(/Game/AdditionMap01/Maps/DLC_Egypt_Dungeons/Level/MonsterRoom/EG_Level_Relic_Room_S_111_LI_DLC_Level01_Main_0_1767174776G) is flushing async loading
[2026.04.11-15.35.40:879][  7]LogSnapMapStreamingData: Deserialized 0 actors
[2026.04.11-15.35.40:879][  7]LogStreaming: Display: ULevelStreaming::RequestLevel(/Game/AdditionMap01/Maps/DLC_Egypt_Dungeons/Level/MonsterRoom/EG_Level_Relic_Room_Treasure_111_LI_DLC_Level01_Main_0_3153933157G) is flushing async loading
[2026.04.11-15.35.40:882][  7]LogSnapMapStreamingData: Deserialized 0 actors
[2026.04.11-15.35.40:883][  7]LogStreaming: Display: ULevelStreaming::RequestLevel(/Game/AdditionMap01/Maps/DLC_Egypt_Dungeons/Level/MonsterRoom/EG_Level_Relic_Room_S_111_LI_DLC_Level01_Main_0_1998618407G) is flushing async loading
[2026.04.11-15.35.40:890][  7]LogSnapMapStreamingData: Deserialized 0 actors
[2026.04.11-15.35.40:890][  7]LogStreaming: Display: ULevelStreaming::RequestLevel(/Game/AdditionMap01/Maps/DLC_Egypt_Dungeons/Level/Corridor/EG_Level_Relic_Corridor_Lift_113_LI_DLC_Level01_Main_0_1725298200G) is flushing async loading
[2026.04.11-15.35.40:900][  7]LogSnapMapStreamingData: Deserialized 0 actors
[2026.04.11-15.35.40:901][  7]LogStreaming: Display: ULevelStreaming::RequestLevel(/Game/AdditionMap01/Maps/DLC_Egypt_Dungeons/Level/SpawnRoom/EG_Level_Relic_Born_122_LI_DLC_Level01_Main_0_3296354406G) is flushing async loading
[2026.04.11-15.35.40:903][  7]LogSnapMapStreamingData: Deserialized 0 actors
[2026.04.11-15.35.40:903][  7]LogStreaming: Display: ULevelStreaming::RequestLevel(/Game/AdditionMap01/Maps/DLC_Egypt_Dungeons/Level/MonsterRoom/EG_Level_Relic_Room_L_232_LI_DLC_Level01_Main_0_728954693G) is flushing async loading
[2026.04.11-15.35.40:950][  7]LogSnapMapStreamingData: Deserialized 0 actors
[2026.04.11-15.35.40:950][  7]LogStreaming: Display: ULevelStreaming::RequestLevel(/Game/AdditionMap01/Maps/DLC_Egypt_Dungeons/Level/MonsterRoom/EG_Level_Relic_Room_L_232_LI_DLC_Level01_Main_0_1704935032G) is flushing async loading
[2026.04.11-15.35.40:982][  7]LogSnapMapStreamingData: Deserialized 0 actors
[2026.04.11-15.35.40:982][  7]LogStreaming: Display: ULevelStreaming::RequestLevel(/Game/AdditionMap01/Maps/DLC_Egypt_Dungeons/Level/BossRoom/EG_Level_Relic_Elite_343_LI_DLC_Level01_Main_0_2002542147G) is flushing async loading
[2026.04.11-15.35.40:993][  7]LogSnapMapStreamingData: Deserialized 0 actors
[2026.04.11-15.35.40:993][  7]LogStreaming: Display: ULevelStreaming::RequestLevel(/Game/AdditionMap01/Maps/DLC_Egypt_Dungeons/Level/MonsterRoom/EG_Level_Relic_Room_S_121_LI_DLC_Level01_Main_0_1697228815G) is flushing async loading
[2026.04.11-15.35.41:005][  7]LogSnapMapStreamingData: Deserialized 0 actors
[2026.04.11-15.35.41:005][  7]LogStreaming: Display: ULevelStreaming::RequestLevel(/Game/AdditionMap01/Maps/DLC_Egypt_Dungeons/Level/MonsterRoom/EG_Level_Relic_Room_S_122_LI_DLC_Level01_Main_0_3150472466G) is flushing async loading
[2026.04.11-15.35.41:021][  7]LogSnapMapStreamingData: Deserialized 0 actors
[2026.04.11-15.35.41:022][  8]LogNet: UNetDriver::TickDispatch: Very long time between ticks. DeltaTime: 7.31, Realtime: 7.31. SteamNetDriver_2147474235
[2026.04.11-15.35.41:022][  8]LogNet: UNetConnection::PendingConnectionLost. [UNetConnection] RemoteAddr: 172.59.193.1:45189, Name: SteamNetConnection_2146573722, Driver: GameNetDriver SteamNetDriver_2147474235, IsServer: YES, PC: NULL, Owner: NULL, UniqueId: INVALID bPendingDestroy=0 
[2026.04.11-15.35.41:022][  8]LogOnline: STEAM: AUTH HANDLER: Sending auth result to user 76561198349338168 with flag success? 1
[2026.04.11-15.35.41:022][  8]LogOnline: STEAM: AUTH HANDLER: Got request from 76561198349338168 to resend result
[2026.04.11-15.35.41:022][  8]LogOnline: STEAM: AUTH: The user 76561198349338168 has authenticated or is currently authenticating. Skipping reauth
[2026.04.11-15.35.41:022][  8]LogOnline: STEAM: AUTH HANDLER: Sending auth result to user 76561198349338168 with flag success? 1
[2026.04.11-15.35.41:022][  8]LogNetSerialization: Error: FBitReader::SetOverflowed() called! (ReadLen: 32, Remaining: 8, Max: 8)
[2026.04.11-15.35.41:059][  8]LogWS: UHDiXiaChengGuanLiQi::OnDungeonBuildComplete Succcessed!  Name = DungeonEGLv60, Index = 1
[2026.04.11-15.35.41:059][  8]LogWS: Create Dungeon Successed: DungeonEGLv60, Index = 1, Seed = 819101, Use Time = 6.718387, TryNum = 5
[2026.04.11-15.35.41:765][  8]LogUObjectHash: Compacting FUObjectHashTables data took  56.39ms
[2026.04.11-15.35.41:770][  9]LogNet: NotifyAcceptingChannel Control 0 server World /Game/AdditionMap01/Maps/DLC_Level01/DLC_Level01_Main.DLC_Level01_Main: Accepted
[2026.04.11-15.35.41:770][  9]LogNet: Remote platform little endian=1
[2026.04.11-15.35.41:770][  9]LogNet: This platform little endian=1
[2026.04.11-15.35.41:770][  9]LogNet: UChannel::ReceivedSequencedBunch: Bunch.bClose == true. ChIndex == 0. Calling ConditionalCleanUp.
[2026.04.11-15.35.41:770][  9]LogNet: UChannel::CleanUp: ChIndex == 0. Closing connection. [UChannel] ChIndex: 0, Closing: 0 [UNetConnection] RemoteAddr: 47.158.121.138:49949, Name: SteamNetConnection_2146151125, Driver: GameNetDriver SteamNetDriver_2147474235, IsServer: YES, PC: NULL, Owner: NULL, UniqueId: INVALID
[2026.04.11-15.35.41:770][  9]LogNet: UNetConnection::Close: [UNetConnection] RemoteAddr: 47.158.121.138:49949, Name: SteamNetConnection_2146151125, Driver: GameNetDriver SteamNetDriver_2147474235, IsServer: YES, PC: NULL, Owner: NULL, UniqueId: INVALID, Channels: 2, Time: 2026.04.11-15.35.41
[2026.04.11-15.35.41:770][  9]LogNet: UChannel::Close: Sending CloseBunch. ChIndex == 0. Name: [UChannel] ChIndex: 0, Closing: 0 [UNetConnection] RemoteAddr: 47.158.121.138:49949, Name: SteamNetConnection_2146151125, Driver: GameNetDriver SteamNetDriver_2147474235, IsServer: YES, PC: NULL, Owner: NULL, UniqueId: INVALID
[2026.04.11-15.35.46:890][  9]LogUObjectHash: Compacting FUObjectHashTables data took  58.00ms
[2026.04.11-15.35.46:893][  9]LogStreaming: Display: ULevelStreaming::RequestLevel(/Game/AdditionMap01/Maps/DLC_Egypt_Dungeons/Level/MonsterRoom/EG_Level_Relic_Room_Treasure_111_LI_DLC_Level01_Main_0_2499646905G) is flushing async loading
[2026.04.11-15.35.46:912][  9]LogSnapMapStreamingData: Deserialized 0 actors
[2026.04.11-15.35.46:912][  9]LogStreaming: Display: ULevelStreaming::RequestLevel(/Game/AdditionMap01/Maps/DLC_Egypt_Dungeons/Level/MonsterRoom/EG_Level_Relic_Room_S_111_LI_DLC_Level01_Main_0_1269897189G) is flushing async loading
[2026.04.11-15.35.46:920][  9]LogSnapMapStreamingData: Deserialized 0 actors
[2026.04.11-15.35.46:920][  9]LogStreaming: Display: ULevelStreaming::RequestLevel(/Game/AdditionMap01/Maps/DLC_Egypt_Dungeons/Level/Corridor/EG_Level_Relic_Corridor_Lift_113_LI_DLC_Level01_Main_0_1307069430G) is flushing async loading
[2026.04.11-15.35.46:930][  9]LogSnapMapStreamingData: Deserialized 0 actors
[2026.04.11-15.35.46:930][  9]LogStreaming: Display: ULevelStreaming::RequestLevel(/Game/AdditionMap01/Maps/DLC_Egypt_Dungeons/Level/MonsterRoom/EG_Level_Relic_Room_S_121_LI_DLC_Level01_Main_0_1667463477G) is flushing async loading
[2026.04.11-15.35.46:943][  9]LogSnapMapStreamingData: Deserialized 0 actors
[2026.04.11-15.35.46:943][  9]LogStreaming: Display: ULevelStreaming::RequestLevel(/Game/AdditionMap01/Maps/DLC_Egypt_Dungeons/Level/MonsterRoom/EG_Level_Relic_Room_S_111_LI_DLC_Level01_Main_0_3213244635G) is flushing async loading
[2026.04.11-15.35.46:951][  9]LogSnapMapStreamingData: Deserialized 0 actors
[2026.04.11-15.35.46:951][  9]LogStreaming: Display: ULevelStreaming::RequestLevel(/Game/AdditionMap01/Maps/DLC_Egypt_Dungeons/Level/BossRoom/EG_Level_Relic_Elite_343_LI_DLC_Level01_Main_0_2207129933G) is flushing async loading
[2026.04.11-15.35.46:961][  9]LogSnapMapStreamingData: Deserialized 0 actors
[2026.04.11-15.35.46:961][  9]LogStreaming: Display: ULevelStreaming::RequestLevel(/Game/AdditionMap01/Maps/DLC_Egypt_Dungeons/Level/MonsterRoom/EG_Level_Relic_Room_M_222_LI_DLC_Level01_Main_0_1430464751G) is flushing async loading
[2026.04.11-15.35.46:991][  9]LogSnapMapStreamingData: Deserialized 0 actors
[2026.04.11-15.35.46:992][  9]LogStreaming: Display: ULevelStreaming::RequestLevel(/Game/AdditionMap01/Maps/DLC_Egypt_Dungeons/Level/MonsterRoom/EG_Level_Relic_Room_S_111_LI_DLC_Level01_Main_0_634316838G) is flushing async loading
[2026.04.11-15.35.47:001][  9]LogSnapMapStreamingData: Deserialized 0 actors
[2026.04.11-15.35.47:001][  9]LogStreaming: Display: ULevelStreaming::RequestLevel(/Game/AdditionMap01/Maps/DLC_Egypt_Dungeons/Level/MonsterRoom/EG_Level_Relic_Room_Treasure_111_LI_DLC_Level01_Main_0_558068450G) is flushing async loading
[2026.04.11-15.35.47:004][  9]LogSnapMapStreamingData: Deserialized 0 actors
[2026.04.11-15.35.47:004][  9]LogStreaming: Display: ULevelStreaming::RequestLevel(/Game/AdditionMap01/Maps/DLC_Egypt_Dungeons/Level/BossRoom/EG_Level_Relic_Boss_364_LI_DLC_Level01_Main_0_2871860817G) is flushing async loading
[2026.04.11-15.35.47:014][  9]LogSnapMapStreamingData: Deserialized 0 actors
[2026.04.11-15.35.47:014][  9]LogStreaming: Display: ULevelStreaming::RequestLevel(/Game/AdditionMap01/Maps/DLC_Egypt_Dungeons/Level/MonsterRoom/EG_Level_Relic_Room_S_122_LI_DLC_Level01_Main_0_2245963701G) is flushing async loading
[2026.04.11-15.35.47:032][  9]LogSnapMapStreamingData: Deserialized 0 actors
[2026.04.11-15.35.47:032][  9]LogStreaming: Display: ULevelStreaming::RequestLevel(/Game/AdditionMap01/Maps/DLC_Egypt_Dungeons/Level/MonsterRoom/EG_Level_Relic_Room_S_112_LI_DLC_Level01_Main_0_833665592G) is flushing async loading
[2026.04.11-15.35.47:047][  9]LogSnapMapStreamingData: Deserialized 0 actors
[2026.04.11-15.35.47:047][  9]LogStreaming: Display: ULevelStreaming::RequestLevel(/Game/AdditionMap01/Maps/DLC_Egypt_Dungeons/Level/MonsterRoom/EG_Level_Relic_Room_S_112_LI_DLC_Level01_Main_0_847246424G) is flushing async loading
[2026.04.11-15.35.47:061][  9]LogSnapMapStreamingData: Deserialized 0 actors
[2026.04.11-15.35.47:061][  9]LogStreaming: Display: ULevelStreaming::RequestLevel(/Game/AdditionMap01/Maps/DLC_Egypt_Dungeons/Level/MonsterRoom/EG_Level_Relic_Room_Treasure_111_LI_DLC_Level01_Main_0_3968973681G) is flushing async loading
[2026.04.11-15.35.47:065][  9]LogSnapMapStreamingData: Deserialized 0 actors
[2026.04.11-15.35.47:065][  9]LogStreaming: Display: ULevelStreaming::RequestLevel(/Game/AdditionMap01/Maps/DLC_Egypt_Dungeons/Level/MonsterRoom/EG_Level_Relic_Room_S_122_LI_DLC_Level01_Main_0_3384795185G) is flushing async loading
[2026.04.11-15.35.47:079][  9]LogSnapMapStreamingData: Deserialized 0 actors
[2026.04.11-15.35.47:079][  9]LogStreaming: Display: ULevelStreaming::RequestLevel(/Game/AdditionMap01/Maps/DLC_Egypt_Dungeons/Level/SpawnRoom/EG_Level_Relic_Born_122_LI_DLC_Level01_Main_0_1439054973G) is flushing async loading
[2026.04.11-15.35.47:082][  9]LogSnapMapStreamingData: Deserialized 0 actors
[2026.04.11-15.35.47:082][ 10]LogOnlineGame: Error: OnSteamAuthFailure id: 76561198349338168
[2026.04.11-15.35.47:087][ 10]LogNet: UNetDriver::TickDispatch: Very long time between ticks. DeltaTime: 5.31, Realtime: 5.32. SteamNetDriver_2147474235
[2026.04.11-15.35.47:087][ 10]LogNet: UNetConnection::PendingConnectionLost. [UNetConnection] RemoteAddr: 47.158.121.138:49949, Name: SteamNetConnection_2146151125, Driver: GameNetDriver SteamNetDriver_2147474235, IsServer: YES, PC: NULL, Owner: NULL, UniqueId: INVALID bPendingDestroy=0 
[2026.04.11-15.35.47:114][ 10]LogWS: UHDiXiaChengGuanLiQi::OnDungeonBuildComplete Succcessed!  Name = DungeonEGLv60, Index = 2
[2026.04.11-15.35.47:114][ 10]LogWS: Create Dungeon Successed: DungeonEGLv60, Index = 2, Seed = 527734, Use Time = 4.893312, TryNum = 1
[2026.04.11-15.35.47:814][ 10]LogUObjectHash: Compacting FUObjectHashTables data took  58.02ms
[2026.04.11-15.35.49:267][ 11]LogUObjectHash: Compacting FUObjectHashTables data took  55.52ms
[2026.04.11-15.35.49:270][ 11]LogStreaming: Display: ULevelStreaming::RequestLevel(/Game/AdditionMap01/Maps/DLC_Egypt_Dungeons/Level/MonsterRoom/EG_Level_Relic_Room_S_111_LI_DLC_Level01_Main_0_4265675533G) is flushing async loading
[2026.04.11-15.35.49:291][ 11]LogSnapMapStreamingData: Deserialized 0 actors
[2026.04.11-15.35.49:291][ 11]LogStreaming: Display: ULevelStreaming::RequestLevel(/Game/AdditionMap01/Maps/DLC_Egypt_Dungeons/Level/MonsterRoom/EG_Level_Relic_Room_S_121_LI_DLC_Level01_Main_0_2362707532G) is flushing async loading
[2026.04.11-15.35.49:311][ 11]LogSnapMapStreamingData: Deserialized 0 actors
[2026.04.11-15.35.49:311][ 11]LogStreaming: Display: ULevelStreaming::RequestLevel(/Game/AdditionMap01/Maps/DLC_Egypt_Dungeons/Level/BossRoom/EG_Level_Relic_Elite_343_LI_DLC_Level01_Main_0_205147771G) is flushing async loading
[2026.04.11-15.35.49:323][ 11]LogSnapMapStreamingData: Deserialized 0 actors
[2026.04.11-15.35.49:323][ 11]LogStreaming: Display: ULevelStreaming::RequestLevel(/Game/AdditionMap01/Maps/DLC_Egypt_Dungeons/Level/SpawnRoom/EG_Level_Relic_Born_122_LI_DLC_Level01_Main_0_8104356G) is flushing async loading
[2026.04.11-15.35.49:325][ 11]LogSnapMapStreamingData: Deserialized 0 actors
[2026.04.11-15.35.49:325][ 11]LogStreaming: Display: ULevelStreaming::RequestLevel(/Game/AdditionMap01/Maps/DLC_Egypt_Dungeons/Level/MonsterRoom/EG_Level_Relic_Room_Treasure_111_LI_DLC_Level01_Main_0_1152989695G) is flushing async loading
[2026.04.11-15.35.49:328][ 11]LogSnapMapStreamingData: Deserialized 0 actors
[2026.04.11-15.35.49:328][ 11]LogStreaming: Display: ULevelStreaming::RequestLevel(/Game/AdditionMap01/Maps/DLC_Egypt_Dungeons/Level/MonsterRoom/EG_Level_Relic_Room_S_112_LI_DLC_Level01_Main_0_157887570G) is flushing async loading
[2026.04.11-15.35.49:344][ 11]LogSnapMapStreamingData: Deserialized 0 actors
[2026.04.11-15.35.49:344][ 11]LogStreaming: Display: ULevelStreaming::RequestLevel(/Game/AdditionMap01/Maps/DLC_Egypt_Dungeons/Level/MonsterRoom/EG_Level_Relic_Room_S_112_LI_DLC_Level01_Main_0_3298728769G) is flushing async loading
[2026.04.11-15.35.49:359][ 11]LogSnapMapStreamingData: Deserialized 0 actors
[2026.04.11-15.35.49:359][ 11]LogStreaming: Display: ULevelStreaming::RequestLevel(/Game/AdditionMap01/Maps/DLC_Egypt_Dungeons/Level/BossRoom/EG_Level_Relic_Boss_364_LI_DLC_Level01_Main_0_1906017778G) is flushing async loading
[2026.04.11-15.35.49:371][ 11]LogSnapMapStreamingData: Deserialized 0 actors
[2026.04.11-15.35.49:371][ 11]LogStreaming: Display: ULevelStreaming::RequestLevel(/Game/AdditionMap01/Maps/DLC_Egypt_Dungeons/Level/MonsterRoom/EG_Level_Relic_Room_S_111_LI_DLC_Level01_Main_0_3851665876G) is flushing async loading
[2026.04.11-15.35.49:379][ 11]LogSnapMapStreamingData: Deserialized 0 actors
[2026.04.11-15.35.49:379][ 11]LogStreaming: Display: ULevelStreaming::RequestLevel(/Game/AdditionMap01/Maps/DLC_Egypt_Dungeons/Level/MonsterRoom/EG_Level_Relic_Room_S_122_LI_DLC_Level01_Main_0_1588937551G) is flushing async loading
[2026.04.11-15.35.49:395][ 11]LogSnapMapStreamingData: Deserialized 0 actors
[2026.04.11-15.35.49:414][ 12]LogWS: UHDiXiaChengGuanLiQi::OnDungeonBuildComplete Succcessed!  Name = DungeonEGLv40, Index = 0
[2026.04.11-15.35.49:414][ 12]LogWS: Create Dungeon Successed: DungeonEGLv40, Index = 0, Seed = 565459, Use Time = 1.201638, TryNum = 1
[2026.04.11-15.35.50:095][ 12]LogUObjectHash: Compacting FUObjectHashTables data took  57.77ms
[2026.04.11-15.35.51:455][ 13]LogUObjectHash: Compacting FUObjectHashTables data took  55.54ms
[2026.04.11-15.35.51:458][ 13]LogStreaming: Display: ULevelStreaming::RequestLevel(/Game/AdditionMap01/Maps/DLC_Egypt_Dungeons/Level/MonsterRoom/EG_Level_Relic_Room_S_122_LI_DLC_Level01_Main_0_587674121G) is flushing async loading
[2026.04.11-15.35.51:492][ 13]LogSnapMapStreamingData: Deserialized 0 actors
[2026.04.11-15.35.51:492][ 13]LogStreaming: Display: ULevelStreaming::RequestLevel(/Game/AdditionMap01/Maps/DLC_Egypt_Dungeons/Level/MonsterRoom/EG_Level_Relic_Room_Treasure_111_LI_DLC_Level01_Main_0_1142980514G) is flushing async loading
[2026.04.11-15.35.51:495][ 13]LogSnapMapStreamingData: Deserialized 0 actors
[2026.04.11-15.35.51:495][ 13]LogStreaming: Display: ULevelStreaming::RequestLevel(/Game/AdditionMap01/Maps/DLC_Egypt_Dungeons/Level/BossRoom/EG_Level_Relic_Boss_364_LI_DLC_Level01_Main_0_1698236077G) is flushing async loading
[2026.04.11-15.35.51:509][ 13]LogSnapMapStreamingData: Deserialized 0 actors
[2026.04.11-15.35.51:509][ 13]LogStreaming: Display: ULevelStreaming::RequestLevel(/Game/AdditionMap01/Maps/DLC_Egypt_Dungeons/Level/MonsterRoom/EG_Level_Relic_Room_S_121_LI_DLC_Level01_Main_0_3136709365G) is flushing async loading
[2026.04.11-15.35.51:525][ 13]LogSnapMapStreamingData: Deserialized 0 actors
[2026.04.11-15.35.51:525][ 13]LogStreaming: Display: ULevelStreaming::RequestLevel(/Game/AdditionMap01/Maps/DLC_Egypt_Dungeons/Level/MonsterRoom/EG_Level_Relic_Room_M_231_LI_DLC_Level01_Main_0_4134067447G) is flushing async loading
[2026.04.11-15.35.51:563][ 13]LogSnapMapStreamingData: Deserialized 0 actors
[2026.04.11-15.35.51:563][ 13]LogStreaming: Display: ULevelStreaming::RequestLevel(/Game/AdditionMap01/Maps/DLC_Egypt_Dungeons/Level/BossRoom/EG_Level_Relic_Elite_343_LI_DLC_Level01_Main_0_943324762G) is flushing async loading
[2026.04.11-15.35.51:579][ 13]LogSnapMapStreamingData: Deserialized 0 actors
[2026.04.11-15.35.51:579][ 13]LogStreaming: Display: ULevelStreaming::RequestLevel(/Game/AdditionMap01/Maps/DLC_Egypt_Dungeons/Level/MonsterRoom/EG_Level_Relic_Room_S_111_LI_DLC_Level01_Main_0_617371118G) is flushing async loading
[2026.04.11-15.35.51:594][ 13]LogSnapMapStreamingData: Deserialized 0 actors
[2026.04.11-15.35.51:594][ 13]LogStreaming: Display: ULevelStreaming::RequestLevel(/Game/AdditionMap01/Maps/DLC_Egypt_Dungeons/Level/SpawnRoom/EG_Level_Relic_Born_122_LI_DLC_Level01_Main_0_2961292989G) is flushing async loading
[2026.04.11-15.35.51:597][ 13]LogSnapMapStreamingData: Deserialized 0 actors
[2026.04.11-15.35.51:597][ 13]LogStreaming: Display: ULevelStreaming::RequestLevel(/Game/AdditionMap01/Maps/DLC_Egypt_Dungeons/Level/MonsterRoom/EG_Level_Relic_Room_S_121_LI_DLC_Level01_Main_0_3944629708G) is flushing async loading
[2026.04.11-15.35.51:612][ 13]LogSnapMapStreamingData: Deserialized 0 actors
[2026.04.11-15.35.51:633][ 14]LogWS: UHDiXiaChengGuanLiQi::OnDungeonBuildComplete Succcessed!  Name = DungeonEGLv40, Index = 1
[2026.04.11-15.35.51:633][ 14]LogWS: Create Dungeon Successed: DungeonEGLv40, Index = 1, Seed = 119187, Use Time = 1.165686, TryNum = 1
[2026.04.11-15.35.52:310][ 14]LogUObjectHash: Compacting FUObjectHashTables data took  56.72ms
[2026.04.11-15.35.53:332][ 15]LogUObjectHash: Compacting FUObjectHashTables data took  55.26ms
[2026.04.11-15.35.53:335][ 15]LogStreaming: Display: ULevelStreaming::RequestLevel(/Game/AdditionMap01/Maps/DLC_Egypt_Dungeons/Level/MonsterRoom/EG_Level_Relic_Room_S_112_LI_DLC_Level01_Main_0_3014280841G) is flushing async loading
[2026.04.11-15.35.53:366][ 15]LogSnapMapStreamingData: Deserialized 0 actors
[2026.04.11-15.35.53:366][ 15]LogStreaming: Display: ULevelStreaming::RequestLevel(/Game/AdditionMap01/Maps/DLC_Egypt_Dungeons/Level/MonsterRoom/EG_Level_Relic_Room_S_121_LI_DLC_Level01_Main_0_2569710507G) is flushing async loading
[2026.04.11-15.35.53:385][ 15]LogSnapMapStreamingData: Deserialized 0 actors
[2026.04.11-15.35.53:385][ 15]LogStreaming: Display: ULevelStreaming::RequestLevel(/Game/AdditionMap01/Maps/DLC_Egypt_Dungeons/Level/MonsterRoom/EG_Level_Relic_Room_Treasure_111_LI_DLC_Level01_Main_0_238725966G) is flushing async loading
[2026.04.11-15.35.53:388][ 15]LogSnapMapStreamingData: Deserialized 0 actors
[2026.04.11-15.35.53:388][ 15]LogStreaming: Display: ULevelStreaming::RequestLevel(/Game/AdditionMap01/Maps/DLC_Egypt_Dungeons/Level/MonsterRoom/EG_Level_Relic_Room_S_121_LI_DLC_Level01_Main_0_2531023422G) is flushing async loading
[2026.04.11-15.35.53:402][ 15]LogSnapMapStreamingData: Deserialized 0 actors
[2026.04.11-15.35.53:402][ 15]LogStreaming: Display: ULevelStreaming::RequestLevel(/Game/AdditionMap01/Maps/DLC_Egypt_Dungeons/Level/BossRoom/EG_Level_Relic_Boss_364_LI_DLC_Level01_Main_0_12433699G) is flushing async loading
[2026.04.11-15.35.53:411][ 15]LogSnapMapStreamingData: Deserialized 0 actors
[2026.04.11-15.35.53:411][ 15]LogStreaming: Display: ULevelStreaming::RequestLevel(/Game/AdditionMap01/Maps/DLC_Egypt_Dungeons/Level/BossRoom/EG_Level_Relic_Elite_343_LI_DLC_Level01_Main_0_134951369G) is flushing async loading
[2026.04.11-15.35.53:422][ 15]LogSnapMapStreamingData: Deserialized 0 actors
[2026.04.11-15.35.53:422][ 15]LogStreaming: Display: ULevelStreaming::RequestLevel(/Game/AdditionMap01/Maps/DLC_Egypt_Dungeons/Level/MonsterRoom/EG_Level_Relic_Room_M_222_LI_DLC_Level01_Main_0_1542347537G) is flushing async loading
[2026.04.11-15.35.53:444][ 15]LogSnapMapStreamingData: Deserialized 0 actors
[2026.04.11-15.35.53:444][ 15]LogStreaming: Display: ULevelStreaming::RequestLevel(/Game/AdditionMap01/Maps/DLC_Egypt_Dungeons/Level/MonsterRoom/EG_Level_Relic_Room_S_111_LI_DLC_Level01_Main_0_2343045005G) is flushing async loading
[2026.04.11-15.35.53:453][ 15]LogSnapMapStreamingData: Deserialized 0 actors
[2026.04.11-15.35.53:453][ 15]LogStreaming: Display: ULevelStreaming::RequestLevel(/Game/AdditionMap01/Maps/DLC_Egypt_Dungeons/Level/SpawnRoom/EG_Level_Relic_Born_122_LI_DLC_Level01_Main_0_1608481732G) is flushing async loading
[2026.04.11-15.35.53:456][ 15]LogSnapMapStreamingData: Deserialized 0 actors
[2026.04.11-15.35.53:473][ 16]LogWS: UHDiXiaChengGuanLiQi::OnDungeonBuildComplete Succcessed!  Name = DungeonEGLv40, Index = 2
[2026.04.11-15.35.53:473][ 16]LogWS: Create Dungeon Successed: DungeonEGLv40, Index = 2, Seed = 477734, Use Time = 0.933281, TryNum = 1
[2026.04.11-15.35.54:161][ 16]LogUObjectHash: Compacting FUObjectHashTables data took  61.56ms
[2026.04.11-15.36.00:929][ 17]SnapGridDungeonBuilderLog: Error: Failed to generate grid flow graph
[2026.04.11-15.36.01:727][ 17]LogUObjectHash: Compacting FUObjectHashTables data took  61.27ms
[2026.04.11-15.36.01:731][ 18]LogNet: UNetDriver::TickDispatch: Very long time between ticks. DeltaTime: 7.57, Realtime: 7.57. SteamNetDriver_2147474235
[2026.04.11-15.36.01:754][ 18]LogWS: Create Dungeon Failed: DungeonEGLv50, Index = 0, Seed = 124731, TryNum = 1
[2026.04.11-15.36.06:847][ 18]LogUObjectHash: Compacting FUObjectHashTables data took  53.43ms
[2026.04.11-15.36.06:849][ 18]LogStreaming: Display: ULevelStreaming::RequestLevel(/Game/AdditionMap01/Maps/DLC_Egypt_Dungeons/Level/MonsterRoom/EG_Level_Relic_Room_S_121_LI_DLC_Level01_Main_0_4005702037G) is flushing async loading
[2026.04.11-15.36.06:881][ 18]LogSnapMapStreamingData: Deserialized 0 actors
[2026.04.11-15.36.06:881][ 18]LogStreaming: Display: ULevelStreaming::RequestLevel(/Game/AdditionMap01/Maps/DLC_Egypt_Dungeons/Level/MonsterRoom/EG_Level_Relic_Room_S_121_LI_DLC_Level01_Main_0_2124946112G) is flushing async loading
[2026.04.11-15.36.06:898][ 18]LogSnapMapStreamingData: Deserialized 0 actors
[2026.04.11-15.36.06:898][ 18]LogStreaming: Display: ULevelStreaming::RequestLevel(/Game/AdditionMap01/Maps/DLC_Egypt_Dungeons/Level/MonsterRoom/EG_Level_Relic_Room_S_111_LI_DLC_Level01_Main_0_3805352215G) is flushing async loading
[2026.04.11-15.36.06:906][ 18]LogSnapMapStreamingData: Deserialized 0 actors
[2026.04.11-15.36.06:906][ 18]LogStreaming: Display: ULevelStreaming::RequestLevel(/Game/AdditionMap01/Maps/DLC_Egypt_Dungeons/Level/MonsterRoom/EG_Level_Relic_Room_S_111_LI_DLC_Level01_Main_0_2317444627G) is flushing async loading
[2026.04.11-15.36.06:912][ 18]LogSnapMapStreamingData: Deserialized 0 actors
[2026.04.11-15.36.06:913][ 18]LogStreaming: Display: ULevelStreaming::RequestLevel(/Game/AdditionMap01/Maps/DLC_Egypt_Dungeons/Level/MonsterRoom/EG_Level_Relic_Room_S_111_LI_DLC_Level01_Main_0_2107020095G) is flushing async loading
[2026.04.11-15.36.06:924][ 18]LogSnapMapStreamingData: Deserialized 0 actors
[2026.04.11-15.36.06:924][ 18]LogStreaming: Display: ULevelStreaming::RequestLevel(/Game/AdditionMap01/Maps/DLC_Egypt_Dungeons/Level/MonsterRoom/EG_Level_Relic_Room_S_121_LI_DLC_Level01_Main_0_746874106G) is flushing async loading
[2026.04.11-15.36.06:939][ 18]LogSnapMapStreamingData: Deserialized 0 actors
[2026.04.11-15.36.06:939][ 18]LogStreaming: Display: ULevelStreaming::RequestLevel(/Game/AdditionMap01/Maps/DLC_Egypt_Dungeons/Level/BossRoom/EG_Level_Relic_Elite_343_LI_DLC_Level01_Main_0_620663278G) is flushing async loading
[2026.04.11-15.36.06:951][ 18]LogSnapMapStreamingData: Deserialized 0 actors
[2026.04.11-15.36.06:951][ 18]LogStreaming: Display: ULevelStreaming::RequestLevel(/Game/AdditionMap01/Maps/DLC_Egypt_Dungeons/Level/MonsterRoom/EG_Level_Relic_Room_S_112_LI_DLC_Level01_Main_0_3211304105G) is flushing async loading
[2026.04.11-15.36.06:968][ 18]LogSnapMapStreamingData: Deserialized 0 actors
[2026.04.11-15.36.06:968][ 18]LogStreaming: Display: ULevelStreaming::RequestLevel(/Game/AdditionMap01/Maps/DLC_Egypt_Dungeons/Level/MonsterRoom/EG_Level_Relic_Room_Treasure_111_LI_DLC_Level01_Main_0_3884527285G) is flushing async loading
[2026.04.11-15.36.06:972][ 18]LogSnapMapStreamingData: Deserialized 0 actors
[2026.04.11-15.36.06:972][ 18]LogStreaming: Display: ULevelStreaming::RequestLevel(/Game/AdditionMap01/Maps/DLC_Egypt_Dungeons/Level/MonsterRoom/EG_Level_Relic_Room_M_231_LI_DLC_Level01_Main_0_1649584116G) is flushing async loading
[2026.04.11-15.36.07:006][ 18]LogSnapMapStreamingData: Deserialized 0 actors
[2026.04.11-15.36.07:006][ 18]LogStreaming: Display: ULevelStreaming::RequestLevel(/Game/AdditionMap01/Maps/DLC_Egypt_Dungeons/Level/MonsterRoom/EG_Level_Relic_Room_S_111_LI_DLC_Level01_Main_0_4010850954G) is flushing async loading
[2026.04.11-15.36.07:013][ 18]LogSnapMapStreamingData: Deserialized 0 actors
[2026.04.11-15.36.07:013][ 18]LogStreaming: Display: ULevelStreaming::RequestLevel(/Game/AdditionMap01/Maps/DLC_Egypt_Dungeons/Level/MonsterRoom/EG_Level_Relic_Room_Treasure_111_LI_DLC_Level01_Main_0_3396624234G) is flushing async loading
[2026.04.11-15.36.07:016][ 18]LogSnapMapStreamingData: Deserialized 0 actors
[2026.04.11-15.36.07:016][ 18]LogStreaming: Display: ULevelStreaming::RequestLevel(/Game/AdditionMap01/Maps/DLC_Egypt_Dungeons/Level/BossRoom/EG_Level_Relic_Boss_364_LI_DLC_Level01_Main_0_2303163701G) is flushing async loading
[2026.04.11-15.36.07:027][ 18]LogSnapMapStreamingData: Deserialized 0 actors
[2026.04.11-15.36.07:027][ 18]LogStreaming: Display: ULevelStreaming::RequestLevel(/Game/AdditionMap01/Maps/DLC_Egypt_Dungeons/Level/MonsterRoom/EG_Level_Relic_Room_S_121_LI_DLC_Level01_Main_0_641289573G) is flushing async loading
[2026.04.11-15.36.07:039][ 18]LogSnapMapStreamingData: Deserialized 0 actors
[2026.04.11-15.36.07:040][ 18]LogStreaming: Display: ULevelStreaming::RequestLevel(/Game/AdditionMap01/Maps/DLC_Egypt_Dungeons/Level/SpawnRoom/EG_Level_Relic_Born_122_LI_DLC_Level01_Main_0_1848779723G) is flushing async loading
[2026.04.11-15.36.07:042][ 18]LogSnapMapStreamingData: Deserialized 0 actors
[2026.04.11-15.36.07:042][ 18]LogStreaming: Display: ULevelStreaming::RequestLevel(/Game/AdditionMap01/Maps/DLC_Egypt_Dungeons/Level/MonsterRoom/EG_Level_Relic_Room_S_121_LI_DLC_Level01_Main_0_1627340274G) is flushing async loading
[2026.04.11-15.36.07:055][ 18]LogSnapMapStreamingData: Deserialized 0 actors
[2026.04.11-15.36.07:055][ 18]LogStreaming: Display: ULevelStreaming::RequestLevel(/Game/AdditionMap01/Maps/DLC_Egypt_Dungeons/Level/MonsterRoom/EG_Level_Relic_Room_S_111_LI_DLC_Level01_Main_0_1778647722G) is flushing async loading
[2026.04.11-15.36.07:063][ 18]LogSnapMapStreamingData: Deserialized 0 actors
[2026.04.11-15.36.07:064][ 19]LogNet: UNetDriver::TickDispatch: Very long time between ticks. DeltaTime: 5.33, Realtime: 5.33. SteamNetDriver_2147474235
[2026.04.11-15.36.07:078][ 19]LogWS: UHDiXiaChengGuanLiQi::OnDungeonBuildComplete Succcessed!  Name = DungeonEGLv50, Index = 0
[2026.04.11-15.36.07:078][ 19]LogWS: Create Dungeon Successed: DungeonEGLv50, Index = 0, Seed = 990832, Use Time = 5.297294, TryNum = 2
[2026.04.11-15.36.07:746][ 19]LogUObjectHash: Compacting FUObjectHashTables data took  55.00ms
[2026.04.11-15.36.11:954][ 20]LogUObjectHash: Compacting FUObjectHashTables data took  49.36ms
[2026.04.11-15.36.11:970][ 21]LogWS: Create Dungeon Failed: DungeonEGLv50, Index = 1, Seed = 132345, TryNum = 1
[2026.04.11-15.36.14:388][ 21]LogUObjectHash: Compacting FUObjectHashTables data took  46.85ms
[2026.04.11-15.36.14:411][ 22]LogWS: Create Dungeon Failed: DungeonEGLv50, Index = 1, Seed = 796646, TryNum = 2
[2026.04.11-15.36.20:933][ 22]SnapGridDungeonBuilderLog: Error: Failed to generate grid flow graph
[2026.04.11-15.36.21:690][ 22]LogUObjectHash: Compacting FUObjectHashTables data took  53.24ms
[2026.04.11-15.36.21:700][ 23]LogNet: UNetDriver::TickDispatch: Very long time between ticks. DeltaTime: 7.30, Realtime: 7.31. SteamNetDriver_2147474235
[2026.04.11-15.36.21:709][ 23]LogWS: Create Dungeon Failed: DungeonEGLv50, Index = 1, Seed = 52502, TryNum = 3
[2026.04.11-15.36.27:918][ 23]LogUObjectHash: Compacting FUObjectHashTables data took  55.39ms
[2026.04.11-15.36.27:922][ 24]LogNet: UNetDriver::TickDispatch: Very long time between ticks. DeltaTime: 6.23, Realtime: 6.22. SteamNetDriver_2147474235
[2026.04.11-15.36.27:933][ 24]LogWS: Create Dungeon Failed: DungeonEGLv50, Index = 1, Seed = 306593, TryNum = 4
[2026.04.11-15.36.34:536][ 24]SnapGridDungeonBuilderLog: Error: Failed to generate grid flow graph
[2026.04.11-15.36.35:302][ 24]LogUObjectHash: Compacting FUObjectHashTables data took  52.75ms
[2026.04.11-15.36.35:306][ 25]LogNet: UNetDriver::TickDispatch: Very long time between ticks. DeltaTime: 7.38, Realtime: 7.38. SteamNetDriver_2147474235
[2026.04.11-15.36.35:318][ 25]LogWS: Create Dungeon Failed: DungeonEGLv50, Index = 1, Seed = 131790, TryNum = 5
[2026.04.11-15.36.42:743][ 25]LogUObjectHash: Compacting FUObjectHashTables data took  52.90ms
[2026.04.11-15.36.42:745][ 25]LogStreaming: Display: ULevelStreaming::RequestLevel(/Game/AdditionMap01/Maps/DLC_Egypt_Dungeons/Level/BossRoom/EG_Level_Relic_Boss_364_LI_DLC_Level01_Main_0_1702509787G) is flushing async loading
[2026.04.11-15.36.42:764][ 25]LogSnapMapStreamingData: Deserialized 0 actors
[2026.04.11-15.36.42:764][ 25]LogStreaming: Display: ULevelStreaming::RequestLevel(/Game/AdditionMap01/Maps/DLC_Egypt_Dungeons/Level/MonsterRoom/EG_Level_Relic_Room_S_112_LI_DLC_Level01_Main_0_922808756G) is flushing async loading
[2026.04.11-15.36.42:784][ 25]LogSnapMapStreamingData: Deserialized 0 actors
[2026.04.11-15.36.42:784][ 25]LogStreaming: Display: ULevelStreaming::RequestLevel(/Game/AdditionMap01/Maps/DLC_Egypt_Dungeons/Level/MonsterRoom/EG_Level_Relic_Room_M_231_LI_DLC_Level01_Main_0_3678008133G) is flushing async loading
[2026.04.11-15.36.42:818][ 25]LogSnapMapStreamingData: Deserialized 0 actors
[2026.04.11-15.36.42:818][ 25]LogStreaming: Display: ULevelStreaming::RequestLevel(/Game/AdditionMap01/Maps/DLC_Egypt_Dungeons/Level/Corridor/EG_Level_Relic_Corridor_Lift_113_LI_DLC_Level01_Main_0_804541947G) is flushing async loading
[2026.04.11-15.36.42:823][ 25]LogSnapMapStreamingData: Deserialized 0 actors
[2026.04.11-15.36.42:824][ 25]LogStreaming: Display: ULevelStreaming::RequestLevel(/Game/AdditionMap01/Maps/DLC_Egypt_Dungeons/Level/MonsterRoom/EG_Level_Relic_Room_S_111_LI_DLC_Level01_Main_0_2279602205G) is flushing async loading
[2026.04.11-15.36.42:831][ 25]LogSnapMapStreamingData: Deserialized 0 actors
[2026.04.11-15.36.42:831][ 25]LogStreaming: Display: ULevelStreaming::RequestLevel(/Game/AdditionMap01/Maps/DLC_Egypt_Dungeons/Level/MonsterRoom/EG_Level_Relic_Room_S_112_LI_DLC_Level01_Main_0_4020851793G) is flushing async loading
[2026.04.11-15.36.42:847][ 25]LogSnapMapStreamingData: Deserialized 0 actors
[2026.04.11-15.36.42:847][ 25]LogStreaming: Display: ULevelStreaming::RequestLevel(/Game/AdditionMap01/Maps/DLC_Egypt_Dungeons/Level/MonsterRoom/EG_Level_Relic_Room_Treasure_111_LI_DLC_Level01_Main_0_978631881G) is flushing async loading
[2026.04.11-15.36.42:851][ 25]LogSnapMapStreamingData: Deserialized 0 actors
[2026.04.11-15.36.42:851][ 25]LogStreaming: Display: ULevelStreaming::RequestLevel(/Game/AdditionMap01/Maps/DLC_Egypt_Dungeons/Level/MonsterRoom/EG_Level_Relic_Room_S_121_LI_DLC_Level01_Main_0_734223984G) is flushing async loading
[2026.04.11-15.36.42:864][ 25]LogSnapMapStreamingData: Deserialized 0 actors
[2026.04.11-15.36.42:864][ 25]LogStreaming: Display: ULevelStreaming::RequestLevel(/Game/AdditionMap01/Maps/DLC_Egypt_Dungeons/Level/MonsterRoom/EG_Level_Relic_Room_Treasure_111_LI_DLC_Level01_Main_0_2183665823G) is flushing async loading
[2026.04.11-15.36.42:867][ 25]LogSnapMapStreamingData: Deserialized 0 actors
[2026.04.11-15.36.42:867][ 25]LogStreaming: Display: ULevelStreaming::RequestLevel(/Game/AdditionMap01/Maps/DLC_Egypt_Dungeons/Level/BossRoom/EG_Level_Relic_Elite_343_LI_DLC_Level01_Main_0_1962041821G) is flushing async loading
[2026.04.11-15.36.42:875][ 25]LogSnapMapStreamingData: Deserialized 0 actors
[2026.04.11-15.36.42:875][ 25]LogStreaming: Display: ULevelStreaming::RequestLevel(/Game/AdditionMap01/Maps/DLC_Egypt_Dungeons/Level/SpawnRoom/EG_Level_Relic_Born_122_LI_DLC_Level01_Main_0_3770322577G) is flushing async loading
[2026.04.11-15.36.42:878][ 25]LogSnapMapStreamingData: Deserialized 0 actors
[2026.04.11-15.36.42:878][ 25]LogStreaming: Display: ULevelStreaming::RequestLevel(/Game/AdditionMap01/Maps/DLC_Egypt_Dungeons/Level/MonsterRoom/EG_Level_Relic_Room_S_111_LI_DLC_Level01_Main_0_566636492G) is flushing async loading
[2026.04.11-15.36.42:888][ 25]LogSnapMapStreamingData: Deserialized 0 actors
[2026.04.11-15.36.42:888][ 25]LogStreaming: Display: ULevelStreaming::RequestLevel(/Game/AdditionMap01/Maps/DLC_Egypt_Dungeons/Level/Corridor/EG_Level_Relic_Corridor_131_LI_DLC_Level01_Main_0_1420254226G) is flushing async loading
[2026.04.11-15.36.42:913][ 25]LogSnapMapStreamingData: Deserialized 0 actors
[2026.04.11-15.36.42:913][ 25]LogStreaming: Display: ULevelStreaming::RequestLevel(/Game/AdditionMap01/Maps/DLC_Egypt_Dungeons/Level/MonsterRoom/EG_Level_Relic_Room_S_111_LI_DLC_Level01_Main_0_1135955978G) is flushing async loading
[2026.04.11-15.36.42:922][ 25]LogSnapMapStreamingData: Deserialized 0 actors
[2026.04.11-15.36.42:923][ 26]LogNet: UNetDriver::TickDispatch: Very long time between ticks. DeltaTime: 7.62, Realtime: 7.62. SteamNetDriver_2147474235
[2026.04.11-15.36.42:928][ 26]LogWS: UHDiXiaChengGuanLiQi::OnDungeonBuildComplete Succcessed!  Name = DungeonEGLv50, Index = 1
[2026.04.11-15.36.42:928][ 26]LogWS: Create Dungeon Successed: DungeonEGLv50, Index = 1, Seed = 109877, Use Time = 7.581474, TryNum = 6
[2026.04.11-15.36.43:580][ 26]LogUObjectHash: Compacting FUObjectHashTables data took  56.23ms
[2026.04.11-15.36.50:223][ 27]LogUObjectHash: Compacting FUObjectHashTables data took  52.41ms
[2026.04.11-15.36.50:225][ 27]LogStreaming: Display: ULevelStreaming::RequestLevel(/Game/AdditionMap01/Maps/DLC_Egypt_Dungeons/Level/MonsterRoom/EG_Level_Relic_Room_Treasure_111_LI_DLC_Level01_Main_0_1130211761G) is flushing async loading
[2026.04.11-15.36.50:238][ 27]LogSnapMapStreamingData: Deserialized 0 actors
[2026.04.11-15.36.50:238][ 27]LogStreaming: Display: ULevelStreaming::RequestLevel(/Game/AdditionMap01/Maps/DLC_Egypt_Dungeons/Level/BossRoom/EG_Level_Relic_Boss_364_LI_DLC_Level01_Main_0_3762476820G) is flushing async loading
[2026.04.11-15.36.50:251][ 27]LogSnapMapStreamingData: Deserialized 0 actors
[2026.04.11-15.36.50:251][ 27]LogStreaming: Display: ULevelStreaming::RequestLevel(/Game/AdditionMap01/Maps/DLC_Egypt_Dungeons/Level/MonsterRoom/EG_Level_Relic_Room_S_121_LI_DLC_Level01_Main_0_2677794007G) is flushing async loading
[2026.04.11-15.36.50:270][ 27]LogSnapMapStreamingData: Deserialized 0 actors
[2026.04.11-15.36.50:270][ 27]LogStreaming: Display: ULevelStreaming::RequestLevel(/Game/AdditionMap01/Maps/DLC_Egypt_Dungeons/Level/MonsterRoom/EG_Level_Relic_Room_M_222_LI_DLC_Level01_Main_0_3851431232G) is flushing async loading
[2026.04.11-15.36.50:293][ 27]LogSnapMapStreamingData: Deserialized 0 actors
[2026.04.11-15.36.50:293][ 27]LogStreaming: Display: ULevelStreaming::RequestLevel(/Game/AdditionMap01/Maps/DLC_Egypt_Dungeons/Level/MonsterRoom/EG_Level_Relic_Room_S_111_LI_DLC_Level01_Main_0_3565540689G) is flushing async loading
[2026.04.11-15.36.50:302][ 27]LogSnapMapStreamingData: Deserialized 0 actors
[2026.04.11-15.36.50:302][ 27]LogStreaming: Display: ULevelStreaming::RequestLevel(/Game/AdditionMap01/Maps/DLC_Egypt_Dungeons/Level/MonsterRoom/EG_Level_Relic_Room_S_121_LI_DLC_Level01_Main_0_3716103357G) is flushing async loading
[2026.04.11-15.36.50:313][ 27]LogSnapMapStreamingData: Deserialized 0 actors
[2026.04.11-15.36.50:314][ 27]LogStreaming: Display: ULevelStreaming::RequestLevel(/Game/AdditionMap01/Maps/DLC_Egypt_Dungeons/Level/BossRoom/EG_Level_Relic_Elite_343_LI_DLC_Level01_Main_0_409223252G) is flushing async loading
[2026.04.11-15.36.50:323][ 27]LogSnapMapStreamingData: Deserialized 0 actors
[2026.04.11-15.36.50:323][ 27]LogStreaming: Display: ULevelStreaming::RequestLevel(/Game/AdditionMap01/Maps/DLC_Egypt_Dungeons/Level/MonsterRoom/EG_Level_Relic_Room_L_333_LI_DLC_Level01_Main_0_3228359487G) is flushing async loading
[2026.04.11-15.36.50:383][ 27]LogSnapMapStreamingData: Deserialized 0 actors
[2026.04.11-15.36.50:383][ 27]LogStreaming: Display: ULevelStreaming::RequestLevel(/Game/AdditionMap01/Maps/DLC_Egypt_Dungeons/Level/SpawnRoom/EG_Level_Relic_Born_122_LI_DLC_Level01_Main_0_3210281672G) is flushing async loading
[2026.04.11-15.36.50:385][ 27]LogSnapMapStreamingData: Deserialized 0 actors
[2026.04.11-15.36.50:385][ 27]LogStreaming: Display: ULevelStreaming::RequestLevel(/Game/AdditionMap01/Maps/DLC_Egypt_Dungeons/Level/MonsterRoom/EG_Level_Relic_Room_Treasure_111_LI_DLC_Level01_Main_0_2709816050G) is flushing async loading
[2026.04.11-15.36.50:389][ 27]LogSnapMapStreamingData: Deserialized 0 actors
[2026.04.11-15.36.50:389][ 27]LogStreaming: Display: ULevelStreaming::RequestLevel(/Game/AdditionMap01/Maps/DLC_Egypt_Dungeons/Level/MonsterRoom/EG_Level_Relic_Room_M_221_LI_DLC_Level01_Main_0_718039195G) is flushing async loading
[2026.04.11-15.36.50:411][ 27]LogSnapMapStreamingData: Deserialized 0 actors
[2026.04.11-15.36.50:411][ 27]LogStreaming: Display: ULevelStreaming::RequestLevel(/Game/AdditionMap01/Maps/DLC_Egypt_Dungeons/Level/MonsterRoom/EG_Level_Relic_Room_S_112_LI_DLC_Level01_Main_0_3137321625G) is flushing async loading
[2026.04.11-15.36.50:427][ 27]LogSnapMapStreamingData: Deserialized 0 actors
[2026.04.11-15.36.50:427][ 27]LogStreaming: Display: ULevelStreaming::RequestLevel(/Game/AdditionMap01/Maps/DLC_Egypt_Dungeons/Level/MonsterRoom/EG_Level_Relic_Room_S_111_LI_DLC_Level01_Main_0_1698760142G) is flushing async loading
[2026.04.11-15.36.50:436][ 27]LogSnapMapStreamingData: Deserialized 0 actors
[2026.04.11-15.36.50:436][ 27]LogStreaming: Display: ULevelStreaming::RequestLevel(/Game/AdditionMap01/Maps/DLC_Egypt_Dungeons/Level/MonsterRoom/EG_Level_Relic_Room_S_112_LI_DLC_Level01_Main_0_516018763G) is flushing async loading
[2026.04.11-15.36.50:450][ 27]LogSnapMapStreamingData: Deserialized 0 actors
[2026.04.11-15.36.50:450][ 28]logSoulmaskSession: [SERVER_LIST] registe server soulmask session succeed.
[2026.04.11-15.36.50:451][ 28]LogNet: UNetDriver::TickDispatch: Very long time between ticks. DeltaTime: 6.87, Realtime: 6.87. SteamNetDriver_2147474235
[2026.04.11-15.36.50:459][ 28]LogWS: UHDiXiaChengGuanLiQi::OnDungeonBuildComplete Succcessed!  Name = DungeonEGLv50, Index = 2
[2026.04.11-15.36.50:459][ 28]LogWS: Create Dungeon Successed: DungeonEGLv50, Index = 2, Seed = 515476, Use Time = 6.820207, TryNum = 1
[2026.04.11-15.36.51:135][ 28]LogUObjectHash: Compacting FUObjectHashTables data took  54.93ms
[2026.04.11-15.37.02:940][380]LogNet: NotifyAcceptingConnection accepted from: 47.158.121.138:54561
[2026.04.11-15.37.02:973][381]LogNet: NotifyAcceptingConnection accepted from: 47.158.121.138:54561
[2026.04.11-15.37.02:973][381]LogNet: Server accepting post-challenge connection from: 47.158.121.138:54561
[2026.04.11-15.37.02:974][381]PacketHandlerLog: Loaded PacketHandler component: PacketCheckHandlerComponent ()
[2026.04.11-15.37.02:974][381]PacketHandlerLog: Loaded PacketHandler component: OnlineSubsystemSteam.SteamAuthComponentModuleInterface ()
[2026.04.11-15.37.02:974][381]PacketHandlerLog: Loaded PacketHandler component: AESHandlerComponent ()
[2026.04.11-15.37.02:974][381]LogHandshake: Warning: INIT CLIENT ONLINE PLATFROM: 0
[2026.04.11-15.37.02:974][381]PacketHandlerLog: Loaded PacketHandler component: Engine.EngineHandlerComponentFactory (StatelessConnectHandlerComponent)
[2026.04.11-15.37.02:974][381]LogNet: NotifyAcceptedConnection: Name: DLC_Level01_Main, TimeStamp: 04/11/26 08:37:02, [UNetConnection] RemoteAddr: 47.158.121.138:54561, Name: SteamNetConnection_2143411331, Driver: GameNetDriver SteamNetDriver_2147474235, IsServer: YES, PC: NULL, Owner: NULL, UniqueId: INVALID
[2026.04.11-15.37.02:974][381]LogNet: AddClientConnection: Added client connection: [UNetConnection] RemoteAddr: 47.158.121.138:54561, Name: SteamNetConnection_2143411331, Driver: GameNetDriver SteamNetDriver_2147474235, IsServer: YES, PC: NULL, Owner: NULL, UniqueId: INVALID
[2026.04.11-15.37.03:007][382]LogOnline: STEAM: AUTH HANDLER: Sending auth result to user 76561198349338168 with flag success? 1
[2026.04.11-15.37.03:040][383]LogNet: NotifyAcceptingChannel Control 0 server World /Game/AdditionMap01/Maps/DLC_Level01/DLC_Level01_Main.DLC_Level01_Main: Accepted
[2026.04.11-15.37.03:040][383]LogNet: Remote platform little endian=1
[2026.04.11-15.37.03:040][383]LogNet: This platform little endian=1
[2026.04.11-15.37.03:074][384]LogNet: Login request: ?EncryptionToken=1?Name=Omega Korneya?culture=en-US?gg=20260410?cn=0 userId: Steam:UNKNOWN [0x11000011730C638] platform: steam
[2026.04.11-15.37.03:074][384]logStoreGamemode: Display: Login request: IsKuaFu:false
[2026.04.11-15.37.03:074][384]LogNet: PreLogin failure: SteamAuthFailure!
[2026.04.11-15.37.03:107][385]LogNet: UChannel::ReceivedSequencedBunch: Bunch.bClose == true. ChIndex == 0. Calling ConditionalCleanUp.
[2026.04.11-15.37.03:107][385]LogNet: UChannel::CleanUp: ChIndex == 0. Closing connection. [UChannel] ChIndex: 0, Closing: 0 [UNetConnection] RemoteAddr: 47.158.121.138:54561, Name: SteamNetConnection_2143411331, Driver: GameNetDriver SteamNetDriver_2147474235, IsServer: YES, PC: NULL, Owner: NULL, UniqueId: Steam:UNKNOWN [0x11000011730C638]
[2026.04.11-15.37.03:107][385]LogNet: UNetConnection::Close: [UNetConnection] RemoteAddr: 47.158.121.138:54561, Name: SteamNetConnection_2143411331, Driver: GameNetDriver SteamNetDriver_2147474235, IsServer: YES, PC: NULL, Owner: NULL, UniqueId: Steam:UNKNOWN [0x11000011730C638], Channels: 2, Time: 2026.04.11-15.37.03
[2026.04.11-15.37.03:107][385]LogNet: UChannel::Close: Sending CloseBunch. ChIndex == 0. Name: [UChannel] ChIndex: 0, Closing: 0 [UNetConnection] RemoteAddr: 47.158.121.138:54561, Name: SteamNetConnection_2143411331, Driver: GameNetDriver SteamNetDriver_2147474235, IsServer: YES, PC: NULL, Owner: NULL, UniqueId: Steam:UNKNOWN [0x11000011730C638]
[2026.04.11-15.37.03:140][386]LogNet: UNetConnection::PendingConnectionLost. [UNetConnection] RemoteAddr: 47.158.121.138:54561, Name: SteamNetConnection_2143411331, Driver: GameNetDriver SteamNetDriver_2147474235, IsServer: YES, PC: NULL, Owner: NULL, UniqueId: Steam:UNKNOWN [0x11000011730C638] bPendingDestroy=0 
[2026.04.11-15.37.13:231][688]LogNet: NotifyAcceptingConnection accepted from: 172.59.193.1:7848
[2026.04.11-15.37.13:331][691]LogNet: NotifyAcceptingConnection accepted from: 172.59.193.1:7848
[2026.04.11-15.37.13:332][691]LogNet: Server accepting post-challenge connection from: 172.59.193.1:7848
[2026.04.11-15.37.13:332][691]PacketHandlerLog: Loaded PacketHandler component: PacketCheckHandlerComponent ()
[2026.04.11-15.37.13:332][691]PacketHandlerLog: Loaded PacketHandler component: OnlineSubsystemSteam.SteamAuthComponentModuleInterface ()
[2026.04.11-15.37.13:332][691]PacketHandlerLog: Loaded PacketHandler component: AESHandlerComponent ()
[2026.04.11-15.37.13:332][691]LogHandshake: Warning: INIT CLIENT ONLINE PLATFROM: 0
[2026.04.11-15.37.13:332][691]PacketHandlerLog: Loaded PacketHandler component: Engine.EngineHandlerComponentFactory (StatelessConnectHandlerComponent)
[2026.04.11-15.37.13:332][691]LogNet: NotifyAcceptedConnection: Name: DLC_Level01_Main, TimeStamp: 04/11/26 08:37:13, [UNetConnection] RemoteAddr: 172.59.193.1:7848, Name: SteamNetConnection_2143411312, Driver: GameNetDriver SteamNetDriver_2147474235, IsServer: YES, PC: NULL, Owner: NULL, UniqueId: INVALID
[2026.04.11-15.37.13:332][691]LogNet: AddClientConnection: Added client connection: [UNetConnection] RemoteAddr: 172.59.193.1:7848, Name: SteamNetConnection_2143411312, Driver: GameNetDriver SteamNetDriver_2147474235, IsServer: YES, PC: NULL, Owner: NULL, UniqueId: INVALID
[2026.04.11-15.37.13:432][694]LogOnline: STEAM: AUTH HANDLER: Sending auth result to user 76561198341450058 with flag success? 1
[2026.04.11-15.37.13:532][697]LogNet: NotifyAcceptingChannel Control 0 server World /Game/AdditionMap01/Maps/DLC_Level01/DLC_Level01_Main.DLC_Level01_Main: Accepted
[2026.04.11-15.37.13:532][697]LogNet: Remote platform little endian=1
[2026.04.11-15.37.13:532][697]LogNet: This platform little endian=1
[2026.04.11-15.37.13:632][700]LogNet: Login request: ?EncryptionToken=1?Name=oonzgoonz?culture=en-US?gg=20260410?cn=0 userId: Steam:UNKNOWN [0x110000116B8694A] platform: steam
[2026.04.11-15.37.13:632][700]logStoreGamemode: Display: Login request: IsKuaFu:false
[2026.04.11-15.37.13:632][700]LogNet: PreLogin failure: SteamAuthFailure!
[2026.04.11-15.37.13:732][703]LogNet: UChannel::ReceivedSequencedBunch: Bunch.bClose == true. ChIndex == 0. Calling ConditionalCleanUp.
[2026.04.11-15.37.13:732][703]LogNet: UChannel::CleanUp: ChIndex == 0. Closing connection. [UChannel] ChIndex: 0, Closing: 0 [UNetConnection] RemoteAddr: 172.59.193.1:7848, Name: SteamNetConnection_2143411312, Driver: GameNetDriver SteamNetDriver_2147474235, IsServer: YES, PC: NULL, Owner: NULL, UniqueId: Steam:UNKNOWN [0x110000116B8694A]
[2026.04.11-15.37.13:732][703]LogNet: UNetConnection::Close: [UNetConnection] RemoteAddr: 172.59.193.1:7848, Name: SteamNetConnection_2143411312, Driver: GameNetDriver SteamNetDriver_2147474235, IsServer: YES, PC: NULL, Owner: NULL, UniqueId: Steam:UNKNOWN [0x110000116B8694A], Channels: 2, Time: 2026.04.11-15.37.13
[2026.04.11-15.37.13:732][703]LogNet: UChannel::Close: Sending CloseBunch. ChIndex == 0. Name: [UChannel] ChIndex: 0, Closing: 0 [UNetConnection] RemoteAddr: 172.59.193.1:7848, Name: SteamNetConnection_2143411312, Driver: GameNetDriver SteamNetDriver_2147474235, IsServer: YES, PC: NULL, Owner: NULL, UniqueId: Steam:UNKNOWN [0x110000116B8694A]
[2026.04.11-15.37.13:766][704]LogNet: UNetConnection::PendingConnectionLost. [UNetConnection] RemoteAddr: 172.59.193.1:7848, Name: SteamNetConnection_2143411312, Driver: GameNetDriver SteamNetDriver_2147474235, IsServer: YES, PC: NULL, Owner: NULL, UniqueId: Steam:UNKNOWN [0x110000116B8694A] bPendingDestroy=0 
[2026.04.11-15.37.16:003][771]LogNet: NotifyAcceptingConnection accepted from: 47.158.121.138:61767
[2026.04.11-15.37.16:036][772]LogNet: NotifyAcceptingConnection accepted from: 47.158.121.138:61767
[2026.04.11-15.37.16:036][772]LogNet: Server accepting post-challenge connection from: 47.158.121.138:61767
[2026.04.11-15.37.16:037][772]PacketHandlerLog: Loaded PacketHandler component: PacketCheckHandlerComponent ()
[2026.04.11-15.37.16:037][772]PacketHandlerLog: Loaded PacketHandler component: OnlineSubsystemSteam.SteamAuthComponentModuleInterface ()
[2026.04.11-15.37.16:037][772]PacketHandlerLog: Loaded PacketHandler component: AESHandlerComponent ()
[2026.04.11-15.37.16:037][772]LogHandshake: Warning: INIT CLIENT ONLINE PLATFROM: 0
[2026.04.11-15.37.16:037][772]PacketHandlerLog: Loaded PacketHandler component: Engine.EngineHandlerComponentFactory (StatelessConnectHandlerComponent)
[2026.04.11-15.37.16:037][772]LogNet: NotifyAcceptedConnection: Name: DLC_Level01_Main, TimeStamp: 04/11/26 08:37:16, [UNetConnection] RemoteAddr: 47.158.121.138:61767, Name: SteamNetConnection_2143411305, Driver: GameNetDriver SteamNetDriver_2147474235, IsServer: YES, PC: NULL, Owner: NULL, UniqueId: INVALID
[2026.04.11-15.37.16:037][772]LogNet: AddClientConnection: Added client connection: [UNetConnection] RemoteAddr: 47.158.121.138:61767, Name: SteamNetConnection_2143411305, Driver: GameNetDriver SteamNetDriver_2147474235, IsServer: YES, PC: NULL, Owner: NULL, UniqueId: INVALID
[2026.04.11-15.37.16:070][773]LogOnline: STEAM: AUTH HANDLER: Sending auth result to user 76561198349338168 with flag success? 1
[2026.04.11-15.37.16:137][775]LogNet: NotifyAcceptingChannel Control 0 server World /Game/AdditionMap01/Maps/DLC_Level01/DLC_Level01_Main.DLC_Level01_Main: Accepted
[2026.04.11-15.37.16:137][775]LogNet: Remote platform little endian=1
[2026.04.11-15.37.16:137][775]LogNet: This platform little endian=1
[2026.04.11-15.37.16:170][776]LogNet: Login request: ?EncryptionToken=1?Name=Omega Korneya?culture=en-US?gg=20260410?cn=0 userId: Steam:UNKNOWN [0x11000011730C638] platform: steam
[2026.04.11-15.37.16:170][776]logStoreGamemode: Display: Login request: IsKuaFu:false
[2026.04.11-15.37.16:203][777]LogNet: Client netspeed is 100000
[2026.04.11-15.37.18:641][850]logStoreGamemode: AStoreGameMode::PrePostLogin:IsUseDBAgent:0.
[2026.04.11-15.37.18:641][850]LogNet: Join request: /Engine/Maps/Entry?EncryptionToken=1?Name=Omega Korneya?culture=en-US?gg=20260410?cn=0?SplitscreenCount=1
[2026.04.11-15.37.18:646][850]logStoreGamemode: FirstLoginGame: Addr:47.158.121.138, Netuid:76561198349338168, Name:Omega Korneya
[2026.04.11-15.37.18:646][850]logStoreGamemode: player ready. Addr:47.158.121.138, Netuid:76561198349338168, Name:Omega Korneya
[2026.04.11-15.37.18:652][850]LogDataTable: Warning: UDataTable::FindRow : 'AHPlayerState::XianQuZheJiangLi' requested row '76561198349338168' not in DataTable '/Game/Blueprints/ZiYuanGuanLi/DT_CaiHuiJiangLi.DT_CaiHuiJiangLi'.
[2026.04.11-15.37.18:652][850]LogDataTable: Warning: UDataTable::FindRow : 'AHPlayerState::XianQuZheJiangLi' requested row '76561198349338168' not in DataTable '/Game/Blueprints/ZiYuanGuanLi/DT_MianJuJiangLi.DT_MianJuJiangLi'.
[2026.04.11-15.37.18:656][850]LogGameMode: Display: Match State Changed from WaitingToStart to InProgress
[2026.04.11-15.37.18:656][850]LogOnlineGame: Starting session GameSession on server
[2026.04.11-15.37.18:656][850]logStoreGamemode: player's first login, should create pawn. 76561198349338168
[2026.04.11-15.37.18:656][850]logStoreGamemode: Warning: Player Pawn is null. Should be create. 76561198349338168
[2026.04.11-15.37.18:656][850]LogGameState: Match State Changed from WaitingToStart to InProgress
[2026.04.11-15.37.18:656][850]LogNet: Join succeeded: Omega Korneya
[2026.04.11-15.37.18:886][857]logSoulmaskSession: [SERVER_LIST] registe server soulmask session succeed.
[2026.04.11-15.37.50:687][808]LogNet: NotifyAcceptingConnection accepted from: 172.59.193.1:21515
[2026.04.11-15.37.50:787][811]LogNet: NotifyAcceptingConnection accepted from: 172.59.193.1:21515
[2026.04.11-15.37.50:787][811]LogNet: Server accepting post-challenge connection from: 172.59.193.1:21515
[2026.04.11-15.37.50:788][811]PacketHandlerLog: Loaded PacketHandler component: PacketCheckHandlerComponent ()
[2026.04.11-15.37.50:788][811]PacketHandlerLog: Loaded PacketHandler component: OnlineSubsystemSteam.SteamAuthComponentModuleInterface ()
[2026.04.11-15.37.50:788][811]PacketHandlerLog: Loaded PacketHandler component: AESHandlerComponent ()
[2026.04.11-15.37.50:788][811]LogHandshake: Warning: INIT CLIENT ONLINE PLATFROM: 0
[2026.04.11-15.37.50:788][811]PacketHandlerLog: Loaded PacketHandler component: Engine.EngineHandlerComponentFactory (StatelessConnectHandlerComponent)
[2026.04.11-15.37.50:788][811]LogNet: NotifyAcceptedConnection: Name: DLC_Level01_Main, TimeStamp: 04/11/26 08:37:50, [UNetConnection] RemoteAddr: 172.59.193.1:21515, Name: SteamNetConnection_2143411179, Driver: GameNetDriver SteamNetDriver_2147474235, IsServer: YES, PC: NULL, Owner: NULL, UniqueId: INVALID
[2026.04.11-15.37.50:788][811]LogNet: AddClientConnection: Added client connection: [UNetConnection] RemoteAddr: 172.59.193.1:21515, Name: SteamNetConnection_2143411179, Driver: GameNetDriver SteamNetDriver_2147474235, IsServer: YES, PC: NULL, Owner: NULL, UniqueId: INVALID
[2026.04.11-15.37.50:887][814]LogOnline: STEAM: AUTH HANDLER: Sending auth result to user 76561198341450058 with flag success? 1
[2026.04.11-15.37.50:987][817]LogNet: NotifyAcceptingChannel Control 0 server World /Game/AdditionMap01/Maps/DLC_Level01/DLC_Level01_Main.DLC_Level01_Main: Accepted
[2026.04.11-15.37.50:987][817]LogNet: Remote platform little endian=1
[2026.04.11-15.37.50:987][817]LogNet: This platform little endian=1
[2026.04.11-15.37.51:088][820]LogNet: Login request: ?EncryptionToken=1?Name=oonzgoonz?culture=en-US?gg=20260410?cn=0 userId: Steam:UNKNOWN [0x110000116B8694A] platform: steam
[2026.04.11-15.37.51:088][820]logStoreGamemode: Display: Login request: IsKuaFu:false
[2026.04.11-15.37.51:188][823]LogNet: Client netspeed is 100000
[2026.04.11-15.37.53:726][899]logStoreGamemode: AStoreGameMode::PrePostLogin:IsUseDBAgent:0.
[2026.04.11-15.37.53:726][899]LogNet: Join request: /Engine/Maps/Entry?EncryptionToken=1?Name=oonzgoonz?culture=en-US?gg=20260410?cn=0?SplitscreenCount=1
[2026.04.11-15.37.53:728][899]logStoreGamemode: FirstLoginGame: Addr:172.59.193.1, Netuid:76561198341450058, Name:oonzgoonz
[2026.04.11-15.37.53:728][899]logStoreGamemode: player ready. Addr:172.59.193.1, Netuid:76561198341450058, Name:oonzgoonz
[2026.04.11-15.37.53:728][899]LogDataTable: Warning: UDataTable::FindRow : 'AHPlayerState::XianQuZheJiangLi' requested row '76561198341450058' not in DataTable '/Game/Blueprints/ZiYuanGuanLi/DT_CaiHuiJiangLi.DT_CaiHuiJiangLi'.
[2026.04.11-15.37.53:728][899]LogDataTable: Warning: UDataTable::FindRow : 'AHPlayerState::XianQuZheJiangLi' requested row '76561198341450058' not in DataTable '/Game/Blueprints/ZiYuanGuanLi/DT_MianJuJiangLi.DT_MianJuJiangLi'.
[2026.04.11-15.37.53:732][899]logStoreGamemode: player's first login, should create pawn. 76561198341450058
[2026.04.11-15.37.53:732][899]logStoreGamemode: Warning: Player Pawn is null. Should be create. 76561198341450058
[2026.04.11-15.37.53:733][899]LogNet: Join succeeded: oonzgoonz
[2026.04.11-15.37.53:975][907]logSoulmaskSession: [SERVER_LIST] registe server soulmask session succeed.
[2026.04.11-15.39.15:987][362]LogWS: ServerChuangJueShuJuXingBie: 1
[2026.04.11-15.39.32:432][855]LogWS: Server AlReady CreateRoleName: Omega Korneya
[2026.04.11-15.39.54:341][511]logSoulmaskSession: [SERVER_LIST] registe server soulmask session succeed.
[2026.04.11-15.40.19:113][252]LogWS: ZhaoMuChanged Add : PlayerName[Omega Korneya] CharacterName[Omega Korneya] Name[BP_EgyptDLC_PlayerBase_F_C_2143411154] SourceGuid[DF21DB58B0D3448A995B89322B47EE4F] Reason:[AHPlayerState::ChongSheng]
[2026.04.11-15.41.54:582][ 94]logSoulmaskSession: [SERVER_LIST] registe server soulmask session succeed.
[2026.04.11-15.43.54:611][688]logSoulmaskSession: [SERVER_LIST] registe server soulmask session succeed.
[2026.04.11-15.44.00:122][853]logDB: Display: cleanup auto database expired hours: -1, root path: ../../../WS/Saved/Worlds/Dedicated/DLC_Level01_Main
[2026.04.11-15.45.55:106][279]logSoulmaskSession: [SERVER_LIST] registe server soulmask session succeed.
[2026.04.11-15.47.54:462][853]logSoulmaskSession: [SERVER_LIST] registe server soulmask session succeed.
[2026.04.11-15.48.01:328][ 58]LogWS: ServerChuangJueShuJuXingBie: 1
[2026.04.11-15.49.00:111][801]logDB: Display: cleanup auto database expired hours: -1, root path: ../../../WS/Saved/Worlds/Dedicated/DLC_Level01_Main
[2026.04.11-15.49.54:699][435]logSoulmaskSession: [SERVER_LIST] registe server soulmask session succeed.
[2026.04.11-15.50.13:374][994]LogWS: Server AlReady CreateRoleName: Oonz
[2026.04.11-15.50.31:661][541]logStoreGamemode: Display: [PLAYER STORED] 76561198349338168
[2026.04.11-15.51.54:673][ 27]logSoulmaskSession: [SERVER_LIST] registe server soulmask session succeed.
[2026.04.11-15.53.54:493][598]logSoulmaskSession: [SERVER_LIST] registe server soulmask session succeed.
[2026.04.11-15.54.00:138][767]logDB: Display: cleanup auto database expired hours: -1, root path: ../../../WS/Saved/Worlds/Dedicated/DLC_Level01_Main
[2026.04.11-15.54.26:575][558]LogWS: ZhaoMuChanged Add : PlayerName[Oonz] CharacterName[Oonz] Name[BP_EgyptDLC_PlayerBase_F_C_2143408133] SourceGuid[9FC7B5BB30C1442EBAC31EAC68E5C9B9] Reason:[AHPlayerState::ChongSheng]
[2026.04.11-15.55.48:337][  6]LogNetPackageMap: Warning: FNetGUIDCache::SupportsObject: AnimMontage /Engine/Transient.AnimMontage_2143406647 NOT Supported.
[2026.04.11-15.55.48:337][  6]LogNetPackageMap: Warning: FNetGUIDCache::SupportsObject: AnimMontage /Engine/Transient.AnimMontage_2143406647 NOT Supported.
[2026.04.11-15.55.48:705][ 17]LogNetPackageMap: Warning: FNetGUIDCache::SupportsObject: AnimMontage /Engine/Transient.AnimMontage_2143406647 NOT Supported.
[2026.04.11-15.55.48:705][ 17]LogNetPackageMap: Warning: FNetGUIDCache::SupportsObject: AnimMontage /Engine/Transient.AnimMontage_2143406647 NOT Supported.
[2026.04.11-15.55.54:530][192]logSoulmaskSession: [SERVER_LIST] registe server soulmask session succeed.
[2026.04.11-15.56.13:151][732]LogNetPackageMap: Warning: FNetGUIDCache::SupportsObject: AnimMontage /Engine/Transient.AnimMontage_2143406380 NOT Supported.
[2026.04.11-15.56.13:151][732]LogNetPackageMap: Warning: FNetGUIDCache::SupportsObject: AnimMontage /Engine/Transient.AnimMontage_2143406380 NOT Supported.
[2026.04.11-15.56.13:450][741]LogNetPackageMap: Warning: FNetGUIDCache::SupportsObject: AnimMontage /Engine/Transient.AnimMontage_2143406380 NOT Supported.
[2026.04.11-15.56.13:450][741]LogNetPackageMap: Warning: FNetGUIDCache::SupportsObject: AnimMontage /Engine/Transient.AnimMontage_2143406380 NOT Supported.
[2026.04.11-15.56.36:111][418]LogNetPackageMap: Warning: FNetGUIDCache::SupportsObject: AnimMontage /Engine/Transient.AnimMontage_2143405448 NOT Supported.
[2026.04.11-15.56.36:478][429]LogNetPackageMap: Warning: FNetGUIDCache::SupportsObject: AnimMontage /Engine/Transient.AnimMontage_2143405448 NOT Supported.
[2026.04.11-15.57.54:753][773]logSoulmaskSession: [SERVER_LIST] registe server soulmask session succeed.
[2026.04.11-15.59.32:256][692]logStoreGamemode: Display: [PLAYER STORED] 76561198341450058
[2026.04.11-15.59.54:578][361]logSoulmaskSession: [SERVER_LIST] registe server soulmask session succeed.
[2026.04.11-16.01.01:868][358]logStoreGamemode: Display: [PLAYER STORED] 76561198349338168
[2026.04.11-16.01.54:583][937]logSoulmaskSession: [SERVER_LIST] registe server soulmask session succeed.
[2026.04.11-16.02.16:313][587]PacketHandlerLog: Error: Packet exceeded HandlerComponents 'MaxOutgoingBits' value: 8065 vs 8014
[2026.04.11-16.03.54:790][519]logSoulmaskSession: [SERVER_LIST] registe server soulmask session succeed.
[2026.04.11-16.04.00:133][679]logDB: Display: cleanup auto database expired hours: -1, root path: ../../../WS/Saved/Worlds/Dedicated/DLC_Level01_Main
[2026.04.11-16.04.00:167][680]logDB: Display: cleanup auto database expired hours: -1, root path: ../../../WS/Saved/Worlds/Dedicated/DLC_Level01_Main
[2026.04.11-16.05.21:456][113]LogWS: ZhaoMuChanged Add : PlayerName[Omega Korneya] CharacterName[Master Warrior <Outcast>] Name[BP_EgyptDLC_Exiles_M_C_2147203938] SourceGuid[DF21DB58B0D3448A995B89322B47EE4F] Reason:[AHCharacterRen::ZhaoMu]
[2026.04.11-16.05.21:457][113]LogWS: AHCharacterRen::ZhaoMu SourceLocation : CharacterName[Master Warrior <Outcast>] Name[BP_EgyptDLC_Exiles_M_C_2147203938] Location[X=128501.820 Y=177230.125 Z=27913.219]
[2026.04.11-16.05.21:457][113]logHGamemode: Display: AHGameModeBase::AddRiZhi FGUID : DF21DB58B0D3448A995B89322B47EE4F IsGongHui 0 GongHuiName[] RiZhiType: 15 Params : Omega Korneya   Master Warrior <Outcast>     LogExtParam: 
[2026.04.11-16.05.54:670][108]logSoulmaskSession: [SERVER_LIST] registe server soulmask session succeed.
[2026.04.11-16.06.32:495][240]logStoreGamemode: Display: [PLAYER STORED] 76561198341450058
[2026.04.11-16.07.54:795][688]logSoulmaskSession: [SERVER_LIST] registe server soulmask session succeed.
[2026.04.11-16.08.36:762][944]LogWS: ZhaoMuChanged Add : PlayerName[Omega Korneya] CharacterName[Outcast (Craftsman)] Name[BP_Egypt_F_Cus_Gift_WeaponAlchemist_C_2143400812] SourceGuid[DF21DB58B0D3448A995B89322B47EE4F] Reason:[AHCharacterRen::ZhaoMu]
[2026.04.11-16.08.36:764][944]LogWS: AHCharacterRen::ZhaoMu SourceLocation : CharacterName[Outcast (Craftsman)] Name[BP_Egypt_F_Cus_Gift_WeaponAlchemist_C_2143400812] Location[X=132263.062 Y=181152.297 Z=28095.809]
[2026.04.11-16.08.36:764][944]logHGamemode: Display: AHGameModeBase::AddRiZhi FGUID : DF21DB58B0D3448A995B89322B47EE4F IsGongHui 0 GongHuiName[] RiZhiType: 15 Params : Omega Korneya   Outcast (Craftsman)     LogExtParam: 
[2026.04.11-16.09.18:983][208]LogWS: ZhaoMuChanged Delete : PlayerName[Omega Korneya] CharacterName[Outcast] Name[BP_EgyptDLC_Exiles_M_C_2147203938] SourceGuid[DF21DB58B0D3448A995B89322B47EE4F] Reason:[AHCharacterRen::QianSan]
[2026.04.11-16.09.18:984][208]logHGamemode: Display: AHGameModeBase::AddRiZhi FGUID : DF21DB58B0D3448A995B89322B47EE4F IsGongHui 0 GongHuiName[] RiZhiType: 37 Params : Omega Korneya   Master Warrior <Outcast>     LogExtParam: 
[2026.04.11-16.09.54:659][276]logSoulmaskSession: [SERVER_LIST] registe server soulmask session succeed.
[2026.04.11-16.10.31:659][383]LogAnimMontage: Warning: JumpToSectionName BL bEndOfSection: 0 failed for Montage M_Hammer_Break_tanfan
[2026.04.11-16.10.32:327][403]LogWS: ZiDongJinShi: CharacterName[Outcast (Craftsman)] OwnerPlayerName[Omega Korneya] UseTo[药物] DaoJu[Simple Bandage]
[2026.04.11-16.11.00:226][238]LogAbilitySystem: Display: InternalServerTryActivateAbility. Rejecting ClientActivation of Default__GA_Hammer_ChuJue_C. InternalTryActivateAbility failed: 
[2026.04.11-16.11.31:078][144]logStoreGamemode: Display: [PLAYER STORED] 76561198349338168
[2026.04.11-16.11.54:890][857]logSoulmaskSession: [SERVER_LIST] registe server soulmask session succeed.
[2026.04.11-16.13.54:909][450]logSoulmaskSession: [SERVER_LIST] registe server soulmask session succeed.
[2026.04.11-16.14.00:186][608]logDB: Display: cleanup auto database expired hours: -1, root path: ../../../WS/Saved/Worlds/Dedicated/DLC_Level01_Main
[2026.04.11-16.14.50:533][115]logStoreGamemode: Display: [PLAYER STORED] 76561198341450058
[2026.04.11-16.15.54:934][ 27]logSoulmaskSession: [SERVER_LIST] registe server soulmask session succeed.
[2026.04.11-16.17.55:329][631]logSoulmaskSession: [SERVER_LIST] registe server soulmask session succeed.
[2026.04.11-16.18.43:789][ 81]LogWS: ZiDongJinShi: CharacterName[Outcast (Craftsman)] OwnerPlayerName[Omega Korneya] UseTo[药物] DaoJu[Simple Bandage]
[2026.04.11-16.19.00:168][572]logDB: Display: cleanup auto database expired hours: -1, root path: ../../../WS/Saved/Worlds/Dedicated/DLC_Level01_Main
[2026.04.11-16.19.02:487][641]LogNet: NotifyAcceptingConnection accepted from: 75.85.199.1:51677
[2026.04.11-16.19.02:521][642]LogNet: NotifyAcceptingConnection accepted from: 75.85.199.1:51677
[2026.04.11-16.19.02:521][642]LogNet: Server accepting post-challenge connection from: 75.85.199.1:51677
[2026.04.11-16.19.02:521][642]PacketHandlerLog: Loaded PacketHandler component: PacketCheckHandlerComponent ()
[2026.04.11-16.19.02:521][642]PacketHandlerLog: Loaded PacketHandler component: OnlineSubsystemSteam.SteamAuthComponentModuleInterface ()
[2026.04.11-16.19.02:521][642]PacketHandlerLog: Loaded PacketHandler component: AESHandlerComponent ()
[2026.04.11-16.19.02:521][642]LogHandshake: Warning: INIT CLIENT ONLINE PLATFROM: 0
[2026.04.11-16.19.02:521][642]PacketHandlerLog: Loaded PacketHandler component: Engine.EngineHandlerComponentFactory (StatelessConnectHandlerComponent)
[2026.04.11-16.19.02:521][642]LogNet: NotifyAcceptedConnection: Name: DLC_Level01_Main, TimeStamp: 04/11/26 09:19:02, [UNetConnection] RemoteAddr: 75.85.199.1:51677, Name: SteamNetConnection_2143393886, Driver: GameNetDriver SteamNetDriver_2147474235, IsServer: YES, PC: NULL, Owner: NULL, UniqueId: INVALID
[2026.04.11-16.19.02:521][642]LogNet: AddClientConnection: Added client connection: [UNetConnection] RemoteAddr: 75.85.199.1:51677, Name: SteamNetConnection_2143393886, Driver: GameNetDriver SteamNetDriver_2147474235, IsServer: YES, PC: NULL, Owner: NULL, UniqueId: INVALID
[2026.04.11-16.19.02:554][643]LogOnline: STEAM: AUTH HANDLER: Sending auth result to user 76561198030657575 with flag success? 1
[2026.04.11-16.19.02:587][644]LogNet: NotifyAcceptingChannel Control 0 server World /Game/AdditionMap01/Maps/DLC_Level01/DLC_Level01_Main.DLC_Level01_Main: Accepted
[2026.04.11-16.19.02:587][644]LogNet: Remote platform little endian=1
[2026.04.11-16.19.02:587][644]LogNet: This platform little endian=1
[2026.04.11-16.19.02:621][645]LogNet: Login request: ?EncryptionToken=1?Name=Ace Korneya?culture=en-US?gg=20260410?cn=0 userId: Steam:UNKNOWN [0x110000104321827] platform: steam
[2026.04.11-16.19.02:621][645]logStoreGamemode: Display: Login request: IsKuaFu:false
[2026.04.11-16.19.02:654][646]LogNet: Client netspeed is 100000
[2026.04.11-16.19.07:029][777]logStoreGamemode: AStoreGameMode::PrePostLogin:IsUseDBAgent:0.
[2026.04.11-16.19.07:029][777]LogNet: Join request: /Engine/Maps/Entry?EncryptionToken=1?Name=Ace Korneya?culture=en-US?gg=20260410?cn=0?SplitscreenCount=1
[2026.04.11-16.19.07:030][777]logStoreGamemode: FirstLoginGame: Addr:75.85.199.1, Netuid:76561198030657575, Name:Ace Korneya
[2026.04.11-16.19.07:030][777]logStoreGamemode: player ready. Addr:75.85.199.1, Netuid:76561198030657575, Name:Ace Korneya
[2026.04.11-16.19.07:031][777]LogDataTable: Warning: UDataTable::FindRow : 'AHPlayerState::XianQuZheJiangLi' requested row '76561198030657575' not in DataTable '/Game/Blueprints/ZiYuanGuanLi/DT_CaiHuiJiangLi.DT_CaiHuiJiangLi'.
[2026.04.11-16.19.07:039][777]LogDataTable: Warning: UDataTable::FindRow : 'AHPlayerState::XianQuZheJiangLi' requested row '76561198030657575' not in DataTable '/Game/Blueprints/ZiYuanGuanLi/DT_MianJuJiangLi.DT_MianJuJiangLi'.
[2026.04.11-16.19.07:042][777]logStoreGamemode: player's first login, should create pawn. 76561198030657575
[2026.04.11-16.19.07:042][777]logStoreGamemode: Warning: Player Pawn is null. Should be create. 76561198030657575
[2026.04.11-16.19.07:043][777]LogNet: Join succeeded: Ace Korneya
[2026.04.11-16.19.07:813][801]logSoulmaskSession: [SERVER_LIST] registe server soulmask session succeed.
[2026.04.11-16.20.21:431][988]logStoreGamemode: Display: [PLAYER STORED] 76561198341450058
[2026.04.11-16.21.07:667][373]logSoulmaskSession: [SERVER_LIST] registe server soulmask session succeed.
[2026.04.11-16.23.07:692][950]logSoulmaskSession: [SERVER_LIST] registe server soulmask session succeed.
[2026.04.11-16.24.00:198][522]logDB: Display: cleanup auto database expired hours: -1, root path: ../../../WS/Saved/Worlds/Dedicated/DLC_Level01_Main
[2026.04.11-16.24.48:615][971]logStoreGamemode: Display: [PLAYER STORED] 76561198349338168
[2026.04.11-16.25.07:899][549]logSoulmaskSession: [SERVER_LIST] registe server soulmask session succeed.
[2026.04.11-16.25.49:394][791]logHGamemode: Display: AHGameModeBase::AddRiZhi FGUID : DF21DB58B0D3448A995B89322B47EE4F IsGongHui 0 GongHuiName[] RiZhiType: 78 Params : Omega Korneya   Thatch Boat     LogExtParam: 
[2026.04.11-16.25.49:395][791]LogRaftSpace: Warning: RaftSpaceDestroyLog : 【Thatch Boat】BuilderName=[Omega Korneya] OwnerName=[Omega Korneya] GuildName=[] CurHealth[0.00] MaxHealth=[3000.00] Location=(106582.60, 168518.62, 25966.00) Class=/Game/AdditionMap01/Maps/DLC_Level01/DLC_Level01_Main.DLC_Level01_Main:PersistentLevel.BP_Boat_01_C_2143408431
[2026.04.11-16.27.07:730][120]logSoulmaskSession: [SERVER_LIST] registe server soulmask session succeed.
[2026.04.11-16.28.23:812][397]LogWS: Warning: BP_EgyptDLC_TribeM_SavageHorn_Elite_C_2143406094 在 (79864, 151242, 26739) 强制传回出生点瞬移到 (79864, 151242, 26648)
[2026.04.11-16.29.04:519][616]LogNetPackageMap: Warning: FNetGUIDCache::SupportsObject: AnimMontage /Engine/Transient.AnimMontage_2143386193 NOT Supported.
[2026.04.11-16.29.05:018][631]LogNetPackageMap: Warning: FNetGUIDCache::SupportsObject: AnimMontage /Engine/Transient.AnimMontage_2143386193 NOT Supported.
[2026.04.11-16.29.05:852][656]LogNetPackageMap: Warning: FNetGUIDCache::SupportsObject: AnimMontage /Engine/Transient.AnimMontage_2143386193 NOT Supported.
[2026.04.11-16.29.07:706][712]logSoulmaskSession: [SERVER_LIST] registe server soulmask session succeed.
[2026.04.11-16.29.20:883][106]LogWS: ZiDongJinShi: CharacterName[Outcast (Craftsman)] OwnerPlayerName[Omega Korneya] UseTo[药物] DaoJu[Simple Bandage]
[2026.04.11-16.31.07:920][294]logSoulmaskSession: [SERVER_LIST] registe server soulmask session succeed.
[2026.04.11-16.31.30:357][965]LogWS: ZiDongJinShi: CharacterName[Outcast (Craftsman)] OwnerPlayerName[Omega Korneya] UseTo[药物] DaoJu[Simple Bandage]
[2026.04.11-16.32.41:898][107]logStoreGamemode: Display: [PLAYER STORED] 76561198349338168
[2026.04.11-16.33.07:928][887]logSoulmaskSession: [SERVER_LIST] registe server soulmask session succeed.
[2026.04.11-16.33.54:036][267]logStoreGamemode: Display: [PLAYER STORED] 76561198341450058
[2026.04.11-16.34.00:196][452]logDB: Display: cleanup auto database expired hours: -1, root path: ../../../WS/Saved/Worlds/Dedicated/DLC_Level01_Main
[2026.04.11-16.34.00:196][452]logDB: Display: cleanup auto database expired hours: -1, root path: ../../../WS/Saved/Worlds/Dedicated/DLC_Level01_Main
[2026.04.11-16.34.25:610][212]LogAnimMontage: Warning: JumpToSectionName PerfectAttack bEndOfSection: 0 failed for Montage M_BigSword_Attack02
[2026.04.11-16.34.26:998][254]LogWS: ServerChuangJueShuJuXingBie: 0
[2026.04.11-16.35.01:490][269]LogAnimMontage: Warning: JumpToSectionName PerfectAttack bEndOfSection: 0 failed for Montage M_BigSword_Attack02
[2026.04.11-16.35.07:772][458]logSoulmaskSession: [SERVER_LIST] registe server soulmask session succeed.
[2026.04.11-16.35.09:376][505]LogAnimMontage: Warning: JumpToSectionName PerfectAttack bEndOfSection: 0 failed for Montage M_BigSword_Attack02
[2026.04.11-16.35.50:843][747]LogWS: Server AlReady CreateRoleName: HomeGirl
[2026.04.11-16.37.07:795][ 51]logSoulmaskSession: [SERVER_LIST] registe server soulmask session succeed.
[2026.04.11-16.38.19:057][183]LogWS: 异常的辐射区体积残留中心坐标: -30000.000000, 173800.000000, 70000.000000
[2026.04.11-16.38.42:419][865]LogWS: 异常的辐射区体积残留中心坐标: -37500.000000, 213800.000000, 70000.000000
[2026.04.11-16.39.07:985][631]logSoulmaskSession: [SERVER_LIST] registe server soulmask session succeed.
[2026.04.11-16.39.16:684][891]LogWS: 异常的辐射区体积残留中心坐标: -30000.000000, 173800.000000, 70000.000000
[2026.04.11-16.39.47:995][828]LogWS: 异常的辐射区体积残留中心坐标: -37500.000000, 213800.000000, 70000.000000
[2026.04.11-16.39.50:531][904]LogWS: ZhaoMuChanged Add : PlayerName[HomeGirl] CharacterName[HomeGirl] Name[BP_EgyptDLC_PlayerBase_M_C_2143372994] SourceGuid[34A48B86A50645889B5E085C7A7BB4E7] Reason:[AHPlayerState::ChongSheng]
[2026.04.11-16.40.05:984][367]LogAbilitySystem: Warning: UGameplayAbility::GetAbilityLevel. Invalid AbilitySpecHandle 114613 for Ability GA_Hammer_Attack02_C_2143383996. Returning level 1.
[2026.04.11-16.41.02:506][ 59]logStoreGamemode: Display: [PLAYER STORED] 76561198341450058
[2026.04.11-16.41.07:300][203]LogHttp: Warning: 0x7fe3adb84980: invalid HTTP response code received. URL: https://sg2-collect-online.qookkagames.com/upload, HTTP code: 0, content length: 0, actual payload size: 0
[2026.04.11-16.41.07:300][203]LogHttp: Warning: 0x7fe3adb84980: request failed, libcurl error: 6 (Couldn't resolve host name)
[2026.04.11-16.41.07:300][203]LogHttp: Warning: 0x7fe3adb84980: libcurl info message cache 0 (Too old connection (119 seconds), disconnect it)
[2026.04.11-16.41.07:300][203]LogHttp: Warning: 0x7fe3adb84980: libcurl info message cache 1 (Connection 42 seems to be dead!)
[2026.04.11-16.41.07:300][203]LogHttp: Warning: 0x7fe3adb84980: libcurl info message cache 2 (Closing connection 42)
[2026.04.11-16.41.07:300][203]LogHttp: Warning: 0x7fe3adb84980: libcurl info message cache 3 (TLSv1.2 (OUT), TLS alert, close notify (256):)
[2026.04.11-16.41.07:300][203]LogHttp: Warning: 0x7fe3adb84980: libcurl info message cache 4 (Could not resolve host: sg2-collect-online.qookkagames.com)
[2026.04.11-16.41.07:300][203]logSoulmaskSession: Error: update session request url: https://sg2-collect-online.qookkagames.com/upload response failed.
[2026.04.11-16.42.38:615][919]LogWS: 异常的辐射区体积残留中心坐标: -12500.000000, 138800.000000, 70000.000000
[2026.04.11-16.42.47:506][185]LogWS: 异常的辐射区体积残留中心坐标: -200000.000000, 174000.000000, 70000.000000
[2026.04.11-16.43.05:674][728]LogWS: 异常的辐射区体积残留中心坐标: -200000.000000, 174000.000000, 70000.000000
[2026.04.11-16.43.05:674][728]LogWS: 异常的辐射区体积残留中心坐标: -12500.000000, 138800.000000, 70000.000000
[2026.04.11-16.43.07:851][794]logSoulmaskSession: [SERVER_LIST] registe server soulmask session succeed.
[2026.04.11-16.44.00:254][362]logDB: Display: cleanup auto database expired hours: -1, root path: ../../../WS/Saved/Worlds/Dedicated/DLC_Level01_Main
[2026.04.11-16.44.41:903][607]LogAnimMontage: Warning: Playing a Montage (AMG_Cat_Idle_4) for the wrong Skeleton (SK_Sphynx_Skeleton) instead of (Skeleton_Cat).
[2026.04.11-16.45.08:040][390]logSoulmaskSession: [SERVER_LIST] registe server soulmask session succeed.
[2026.04.11-16.45.47:161][560]LogWS: ZiDongJinShi: CharacterName[Outcast (Craftsman)] OwnerPlayerName[Omega Korneya] UseTo[药物] DaoJu[Simple Bandage]
[2026.04.11-16.46.14:019][347]logHGamemode: Display: AHGameModeBase::AddRiZhi FGUID : 9FC7B5BB30C1442EBAC31EAC68E5C9B9 IsGongHui 0 GongHuiName[] RiZhiType: 28 Params : Oonz ( Oonz )   Skilled Hunter <Outcast>           LogExtParam: Location :[X=170788.578 Y=141074.031 Z=26302.678]   KillCharLocation :[X=170657.266 Y=141233.641 Z=26304.449]
[2026.04.11-16.46.14:019][347]LogWS: Warning: ============== Oonz ( Oonz ) BP: BP_EgyptDLC_PlayerBase_F_C_2143408133 濒死 Begin =================
[2026.04.11-16.46.14:019][347]LogWS: Warning: GEName: Default__DamageType_Jab_C
[2026.04.11-16.46.14:019][347]LogWS: Warning: 濒死对象 主人:(SteamId:76561198341450058 Uid:9FC7B5BB30C1442EBAC31EAC68E5C9B9) 
[2026.04.11-16.46.14:019][347]LogWS: Warning: 来源对象  
[2026.04.11-16.46.14:019][347]LogWS: Warning: Location: 170788,141074,26302
[2026.04.11-16.46.14:019][347]LogWS: Warning: BeiKongZhi: 1
[2026.04.11-16.46.14:019][347]LogWS: Warning: ChuShiBody: 1
[2026.04.11-16.46.14:019][347]LogWS: Warning: ShengYuFuZhong: 78.8
[2026.04.11-16.46.14:019][347]LogWS: Warning: IsRenWuXiuMian: 0
[2026.04.11-16.46.14:019][347]LogWS: Warning: Bag Use Size: 40
[2026.04.11-16.46.14:019][347]LogWS: Warning: IsChuZhan: 0
[2026.04.11-16.46.14:019][347]LogWS: Warning: IsTingZhiAI: 0
[2026.04.11-16.46.14:019][347]LogWS: Warning: WaiJieWenDu: 24.823708, WenDu: 24.000000
[2026.04.11-16.46.14:019][347]LogWS: Warning: ============== Oonz ( Oonz ) 濒死 End =================
[2026.04.11-16.46.14:117][350]LogAbilitySystem: Display: InternalServerTryActivateAbility. Rejecting ClientActivation of Default__GA_Dodge_C. InternalTryActivateAbility failed: 
[2026.04.11-16.46.33:499][930]LogWS: 异常的辐射区体积残留中心坐标: -200000.000000, 174000.000000, 70000.000000
[2026.04.11-16.47.07:935][962]logSoulmaskSession: [SERVER_LIST] registe server soulmask session succeed.
[2026.04.11-16.47.18:474][277]logStoreGamemode: Display: [PLAYER STORED] 76561198349338168
[2026.04.11-16.48.07:643][749]logStoreGamemode: Display: [PLAYER STORED] 76561198030657575
[2026.04.11-16.49.00:223][324]logDB: Display: cleanup auto database expired hours: -1, root path: ../../../WS/Saved/Worlds/Dedicated/DLC_Level01_Main
[2026.04.11-16.49.08:080][559]logSoulmaskSession: [SERVER_LIST] registe server soulmask session succeed.
[2026.04.11-16.50.22:338][765]logStoreGamemode: Display: [PLAYER STORED] 76561198341450058
[2026.04.11-16.50.27:313][914]LogWS: ZiDongJinShi: CharacterName[Outcast (Craftsman)] OwnerPlayerName[Omega Korneya] UseTo[食物] DaoJu[Date Palm]
[2026.04.11-16.50.37:331][214]LogWS: ZiDongJinShi: CharacterName[Outcast (Craftsman)] OwnerPlayerName[Omega Korneya] UseTo[食物] DaoJu[Date Palm]
[2026.04.11-16.50.47:350][514]LogWS: ZiDongJinShi: CharacterName[Outcast (Craftsman)] OwnerPlayerName[Omega Korneya] UseTo[食物] DaoJu[Date Palm]
[2026.04.11-16.50.57:369][814]LogWS: ZiDongJinShi: CharacterName[Outcast (Craftsman)] OwnerPlayerName[Omega Korneya] UseTo[食物] DaoJu[Date Palm]
[2026.04.11-16.51.07:390][114]LogWS: ZiDongJinShi: CharacterName[Outcast (Craftsman)] OwnerPlayerName[Omega Korneya] UseTo[食物] DaoJu[Date Palm]
[2026.04.11-16.51.07:907][130]logSoulmaskSession: [SERVER_LIST] registe server soulmask session succeed.
[2026.04.11-16.51.17:408][414]LogWS: ZiDongJinShi: CharacterName[Outcast (Craftsman)] OwnerPlayerName[Omega Korneya] UseTo[食物] DaoJu[Date Palm]
[2026.04.11-16.53.08:004][726]logSoulmaskSession: [SERVER_LIST] registe server soulmask session succeed.
[2026.04.11-16.53.47:799][917]logStoreGamemode: Display: [PLAYER STORED] 76561198349338168
[2026.04.11-16.54.00:274][274]logDB: Display: cleanup auto database expired hours: -1, root path: ../../../WS/Saved/Worlds/Dedicated/DLC_Level01_Main
[2026.04.11-16.55.08:184][307]logSoulmaskSession: [SERVER_LIST] registe server soulmask session succeed.
[2026.04.11-16.55.29:109][933]LogWS: ZiDongJinShi: CharacterName[Outcast (Craftsman)] OwnerPlayerName[Omega Korneya] UseTo[食物] DaoJu[Nut]
[2026.04.11-16.57.07:975][894]logSoulmaskSession: [SERVER_LIST] registe server soulmask session succeed.
[2026.04.11-16.57.24:891][400]logStoreGamemode: Display: [PLAYER STORED] 76561198341450058
[2026.04.11-16.57.44:581][972]LogWS: ZiDongJinShi: CharacterName[Outcast (Craftsman)] OwnerPlayerName[Omega Korneya] UseTo[食物] DaoJu[Nut]
[2026.04.11-16.57.49:594][122]logStoreGamemode: Display: [PLAYER STORED] 76561198030657575
[2026.04.11-16.59.07:471][454]LogHttp: Warning: 0x7fe3ae5b4980: invalid HTTP response code received. URL: https://sg2-collect-online.qookkagames.com/upload, HTTP code: 0, content length: 0, actual payload size: 0
[2026.04.11-16.59.07:471][454]LogHttp: Warning: 0x7fe3ae5b4980: request failed, libcurl error: 6 (Couldn't resolve host name)
[2026.04.11-16.59.07:471][454]LogHttp: Warning: 0x7fe3ae5b4980: libcurl info message cache 0 (Too old connection (119 seconds), disconnect it)
[2026.04.11-16.59.07:471][454]LogHttp: Warning: 0x7fe3ae5b4980: libcurl info message cache 1 (Connection 52 seems to be dead!)
[2026.04.11-16.59.07:471][454]LogHttp: Warning: 0x7fe3ae5b4980: libcurl info message cache 2 (Closing connection 52)
[2026.04.11-16.59.07:471][454]LogHttp: Warning: 0x7fe3ae5b4980: libcurl info message cache 3 (TLSv1.2 (OUT), TLS alert, close notify (256):)
[2026.04.11-16.59.07:472][454]LogHttp: Warning: 0x7fe3ae5b4980: libcurl info message cache 4 (Found bundle for host sg2-collect-online.qookkagames.com: 0x7fe38bd04090 [serially])
[2026.04.11-16.59.07:472][454]LogHttp: Warning: 0x7fe3ae5b4980: libcurl info message cache 5 (Connection #43 is still name resolving, can't reuse)
[2026.04.11-16.59.07:472][454]LogHttp: Warning: 0x7fe3ae5b4980: libcurl info message cache 6 (Could not resolve host: sg2-collect-online.qookkagames.com)
[2026.04.11-16.59.07:472][454]logSoulmaskSession: Error: update session request url: https://sg2-collect-online.qookkagames.com/upload response failed.
[2026.04.11-16.59.28:766][ 91]LogAbilitySystem: Warning: UGameplayAbility::GetAbilityLevel. Invalid AbilitySpecHandle 120447 for Ability GA_Tool_ReapSickle_Base_C_2143334764. Returning level 1.
[2026.04.11-16.59.59:858][ 22]LogWS: ZiDongJinShi: CharacterName[Outcast (Craftsman)] OwnerPlayerName[Omega Korneya] UseTo[食物] DaoJu[Nut]
[2026.04.11-17.01.08:273][ 71]logSoulmaskSession: [SERVER_LIST] registe server soulmask session succeed.
[2026.04.11-17.02.09:703][892]LogWS: ZiDongJinShi: CharacterName[Outcast (Craftsman)] OwnerPlayerName[Omega Korneya] UseTo[食物] DaoJu[Nut]
[2026.04.11-17.03.08:043][639]logSoulmaskSession: [SERVER_LIST] registe server soulmask session succeed.
[2026.04.11-17.04.00:250][202]logDB: Display: cleanup auto database expired hours: -1, root path: ../../../WS/Saved/Worlds/Dedicated/DLC_Level01_Main
[2026.04.11-17.04.00:250][202]logDB: Display: cleanup auto database expired hours: -1, root path: ../../../WS/Saved/Worlds/Dedicated/DLC_Level01_Main
[2026.04.11-17.04.24:983][942]LogWS: ZiDongJinShi: CharacterName[Outcast (Craftsman)] OwnerPlayerName[Omega Korneya] UseTo[食物] DaoJu[Nut]
[2026.04.11-17.05.08:059][232]logSoulmaskSession: [SERVER_LIST] registe server soulmask session succeed.
[2026.04.11-17.06.39:473][951]LogWS: ZiDongJinShi: CharacterName[Outcast (Craftsman)] OwnerPlayerName[Omega Korneya] UseTo[食物] DaoJu[Nut]
[2026.04.11-17.07.08:276][814]logSoulmaskSession: [SERVER_LIST] registe server soulmask session succeed.
[2026.04.11-17.08.47:290][778]logStoreGamemode: Display: [PLAYER STORED] 76561198349338168
[2026.04.11-17.08.49:727][851]LogWS: ZiDongJinShi: CharacterName[Outcast (Craftsman)] OwnerPlayerName[Omega Korneya] UseTo[食物] DaoJu[Nut]
[2026.04.11-17.09.08:286][407]logSoulmaskSession: [SERVER_LIST] registe server soulmask session succeed.
[2026.04.11-17.10.02:019][997]logHGongHuiGuanLiQi: Display: GongHuiRiZhi: ChuangJianGongHui  公会名字:[Oonz's]  公会Guid:[0DB3A02C2A2346E49CACCCB33A63FBB8]  会长名字:[Omega Korneya]  会长Guid:[DF21DB58B0D3448A995B89322B47EE4F]
[2026.04.11-17.10.17:056][447]logHGongHuiGuanLiQi: Display: GongHuiRiZhi: ChongMingMing 公会:[Oonz's Slaves][0DB3A02C2A2346E49CACCCB33A63FBB8] 处理人:[Omega Korneya][DF21DB58B0D3448A995B89322B47EE4F] 改名为[Oonz's Slaves]
[2026.04.11-17.10.26:635][733]logHGongHuiGuanLiQi: Display: GongHuiRiZhi: ShenQingJiaRuGongHui 公会:[Oonz's Slaves][0DB3A02C2A2346E49CACCCB33A63FBB8] 玩家:[HomeGirl][34A48B86A50645889B5E085C7A7BB4E7]
[2026.04.11-17.10.31:085][866]logStoreGamemode: Display: [PLAYER STORED] 76561198030657575
[2026.04.11-17.10.42:144][197]logStoreGamemode: Display: [PLAYER STORED] 76561198341450058
[2026.04.11-17.10.45:583][300]logHGongHuiGuanLiQi: Display: GongHuiRiZhi: ChuLiJiaRuGongHui 公会:[Oonz's Slaves][0DB3A02C2A2346E49CACCCB33A63FBB8] 处理人:[Omega Korneya][DF21DB58B0D3448A995B89322B47EE4F] 请求者:[34A48B86A50645889B5E085C7A7BB4E7][HomeGirl] 结果:[1]
[2026.04.11-17.11.05:300][890]LogWS: ZiDongJinShi: CharacterName[Outcast (Craftsman)] OwnerPlayerName[Omega Korneya] UseTo[食物] DaoJu[Nut]
[2026.04.11-17.11.07:972][970]logHGongHuiGuanLiQi: Display: GongHuiRiZhi: ShenQingJiaRuGongHui 公会:[Oonz's Slaves][0DB3A02C2A2346E49CACCCB33A63FBB8] 玩家:[Oonz][9FC7B5BB30C1442EBAC31EAC68E5C9B9]
[2026.04.11-17.11.08:125][975]logSoulmaskSession: [SERVER_LIST] registe server soulmask session succeed.
[2026.04.11-17.11.11:050][ 62]logHGongHuiGuanLiQi: Display: GongHuiRiZhi: ChuLiJiaRuGongHui 公会:[Oonz's Slaves][0DB3A02C2A2346E49CACCCB33A63FBB8] 处理人:[Omega Korneya][DF21DB58B0D3448A995B89322B47EE4F] 请求者:[9FC7B5BB30C1442EBAC31EAC68E5C9B9][Oonz] 结果:[1]
[2026.04.11-17.13.08:125][566]logSoulmaskSession: [SERVER_LIST] registe server soulmask session succeed.
[2026.04.11-17.13.10:245][612]LogAbilitySystem: Warning: UGameplayAbility::GetAbilityLevel. Invalid AbilitySpecHandle 121258 for Ability GA_Tool_ReapSickle_Base_C_2143305837. Returning level 1.
[2026.04.11-17.13.19:967][903]LogWS: ZiDongJinShi: CharacterName[Outcast (Craftsman)] OwnerPlayerName[Omega Korneya] UseTo[食物] DaoJu[Nut]
[2026.04.11-17.14.00:301][111]logDB: Display: cleanup auto database expired hours: -1, root path: ../../../WS/Saved/Worlds/Dedicated/DLC_Level01_Main
[2026.04.11-17.15.08:382][148]logSoulmaskSession: [SERVER_LIST] registe server soulmask session succeed.
[2026.04.11-17.15.35:301][953]LogWS: ZiDongJinShi: CharacterName[Outcast (Craftsman)] OwnerPlayerName[Omega Korneya] UseTo[食物] DaoJu[Nut]
[2026.04.11-17.15.53:579][500]logStoreGamemode: Display: [PLAYER STORED] 76561198030657575
[2026.04.11-17.16.02:748][774]LogAnimMontage: Warning: JumpToSectionName PerfectAttack bEndOfSection: 0 failed for Montage M_BigSword_Attack02
[2026.04.11-17.16.04:370][823]LogWS: ZiDongJinShi: CharacterName[Outcast (Craftsman)] OwnerPlayerName[Omega Korneya] UseTo[药物] DaoJu[Simple Bandage]
[2026.04.11-17.16.27:322][510]LogAbilitySystem: Display: InternalServerTryActivateAbility. Rejecting ClientActivation of Default__GA_Shuangdao_VAttack01_C. InternalTryActivateAbility failed: 
[2026.04.11-17.17.08:175][716]logSoulmaskSession: [SERVER_LIST] registe server soulmask session succeed.
[2026.04.11-17.19.00:250][ 70]logDB: Display: cleanup auto database expired hours: -1, root path: ../../../WS/Saved/Worlds/Dedicated/DLC_Level01_Main
[2026.04.11-17.19.08:197][308]logSoulmaskSession: [SERVER_LIST] registe server soulmask session succeed.
[2026.04.11-17.19.11:752][414]LogNet: UChannel::ReceivedSequencedBunch: Bunch.bClose == true. ChIndex == 0. Calling ConditionalCleanUp.
[2026.04.11-17.19.11:753][414]LogNet: UChannel::CleanUp: ChIndex == 0. Closing connection. [UChannel] ChIndex: 0, Closing: 0 [UNetConnection] RemoteAddr: 47.158.121.138:61767, Name: SteamNetConnection_2143411305, Driver: GameNetDriver SteamNetDriver_2147474235, IsServer: YES, PC: BP_PlayerController_C_2143411298, Owner: BP_PlayerController_C_2143411298, UniqueId: Steam:UNKNOWN [0x11000011730C638]
[2026.04.11-17.19.11:753][414]LogNet: UNetConnection::Close: [UNetConnection] RemoteAddr: 47.158.121.138:61767, Name: SteamNetConnection_2143411305, Driver: GameNetDriver SteamNetDriver_2147474235, IsServer: YES, PC: BP_PlayerController_C_2143411298, Owner: BP_PlayerController_C_2143411298, UniqueId: Steam:UNKNOWN [0x11000011730C638], Channels: 112, Time: 2026.04.11-17.19.11
[2026.04.11-17.19.11:753][414]LogNet: UChannel::Close: Sending CloseBunch. ChIndex == 0. Name: [UChannel] ChIndex: 0, Closing: 0 [UNetConnection] RemoteAddr: 47.158.121.138:61767, Name: SteamNetConnection_2143411305, Driver: GameNetDriver SteamNetDriver_2147474235, IsServer: YES, PC: BP_PlayerController_C_2143411298, Owner: BP_PlayerController_C_2143411298, UniqueId: Steam:UNKNOWN [0x11000011730C638]
[2026.04.11-17.19.11:789][415]logStoreGamemode: Display: [PLAYER STORED] 76561198349338168
[2026.04.11-17.19.11:789][415]logStoreGamemode: Display: player leave world. 76561198349338168
[2026.04.11-17.19.11:790][415]LogNet: Warning: UNetDriver::ProcessRemoteFunction: Remote function NetMulticastChuZhan called from actor BP_PlayerController_C_2143411298 while actor is being destroyed. Function will not be processed.
[2026.04.11-17.19.12:005][422]logSoulmaskSession: [SERVER_LIST] registe server soulmask session succeed.
[2026.04.11-17.21.12:631][ 17]logSoulmaskSession: [SERVER_LIST] registe server soulmask session succeed.
[2026.04.11-17.22.15:441][897]logStoreGamemode: Display: [PLAYER STORED] 76561198341450058
[2026.04.11-17.22.32:638][412]LogWS: ZhaoMuChanged Add : PlayerName[Oonz] CharacterName[Outcast (Craftsman)] Name[BP_Egypt_F_Cus_Gift_CookerCrafter_C_2143302868] SourceGuid[9FC7B5BB30C1442EBAC31EAC68E5C9B9] Reason:[AHCharacterRen::ZhaoMu]
[2026.04.11-17.22.32:640][412]LogWS: AHCharacterRen::ZhaoMu SourceLocation : CharacterName[Outcast (Craftsman)] Name[BP_Egypt_F_Cus_Gift_CookerCrafter_C_2143302868] Location[X=168648.953 Y=140570.953 Z=26526.244]
[2026.04.11-17.22.32:640][412]logHGamemode: Display: AHGameModeBase::AddRiZhi FGUID : 0DB3A02C2A2346E49CACCCB33A63FBB8 IsGongHui 1 GongHuiName[Oonz's Slaves] RiZhiType: 15 Params : Oonz   Outcast (Craftsman)     LogExtParam: 
[2026.04.11-17.23.12:436][604]logSoulmaskSession: [SERVER_LIST] registe server soulmask session succeed.
[2026.04.11-17.24.00:330][ 38]logDB: Display: cleanup auto database expired hours: -1, root path: ../../../WS/Saved/Worlds/Dedicated/DLC_Level01_Main
[2026.04.11-17.25.12:460][181]logSoulmaskSession: [SERVER_LIST] registe server soulmask session succeed.
[2026.04.11-17.25.17:489][331]LogWS: ZiDongJinShi: CharacterName[Outcast (Craftsman)] OwnerPlayerName[Omega Korneya] UseTo[食物] DaoJu[Nut]
[2026.04.11-17.27.12:653][780]logSoulmaskSession: [SERVER_LIST] registe server soulmask session succeed.
[2026.04.11-17.27.18:682][960]logStoreGamemode: Display: [PLAYER STORED] 76561198030657575
[2026.04.11-17.29.12:528][352]logSoulmaskSession: [SERVER_LIST] registe server soulmask session succeed.
[2026.04.11-17.31.12:676][949]logSoulmaskSession: [SERVER_LIST] registe server soulmask session succeed.
[2026.04.11-17.33.12:487][519]logSoulmaskSession: [SERVER_LIST] registe server soulmask session succeed.
[2026.04.11-17.34.00:282][950]logDB: Display: cleanup auto database expired hours: -1, root path: ../../../WS/Saved/Worlds/Dedicated/DLC_Level01_Main
[2026.04.11-17.34.00:347][952]logDB: Display: cleanup auto database expired hours: -1, root path: ../../../WS/Saved/Worlds/Dedicated/DLC_Level01_Main
[2026.04.11-17.35.12:716][119]logSoulmaskSession: [SERVER_LIST] registe server soulmask session succeed.
[2026.04.11-17.35.17:914][274]logStoreGamemode: Display: [PLAYER STORED] 76561198030657575
[2026.04.11-17.35.40:956][964]logStoreGamemode: Display: [PLAYER STORED] 76561198341450058
[2026.04.11-17.37.12:574][690]logSoulmaskSession: [SERVER_LIST] registe server soulmask session succeed.
[2026.04.11-17.39.12:561][277]logSoulmaskSession: [SERVER_LIST] registe server soulmask session succeed.
[2026.04.11-17.41.12:768][859]logSoulmaskSession: [SERVER_LIST] registe server soulmask session succeed.
[2026.04.11-17.43.12:613][447]logSoulmaskSession: [SERVER_LIST] registe server soulmask session succeed.
[2026.04.11-17.44.00:366][859]logDB: Display: cleanup auto database expired hours: -1, root path: ../../../WS/Saved/Worlds/Dedicated/DLC_Level01_Main
[2026.04.11-17.45.12:639][ 22]logSoulmaskSession: [SERVER_LIST] registe server soulmask session succeed.
[2026.04.11-17.46.15:636][907]logStoreGamemode: Display: [PLAYER STORED] 76561198341450058
[2026.04.11-17.47.12:863][621]logSoulmaskSession: [SERVER_LIST] registe server soulmask session succeed.
[2026.04.11-17.49.00:300][821]logDB: Display: cleanup auto database expired hours: -1, root path: ../../../WS/Saved/Worlds/Dedicated/DLC_Level01_Main
[2026.04.11-17.49.12:691][192]logSoulmaskSession: [SERVER_LIST] registe server soulmask session succeed.
[2026.04.11-17.49.54:259][436]logStoreGamemode: Display: [PLAYER STORED] 76561198030657575
[2026.04.11-17.51.12:697][785]logSoulmaskSession: [SERVER_LIST] registe server soulmask session succeed.
[2026.04.11-17.53.12:878][366]logSoulmaskSession: [SERVER_LIST] registe server soulmask session succeed.
[2026.04.11-17.54.00:405][789]logDB: Display: cleanup auto database expired hours: -1, root path: ../../../WS/Saved/Worlds/Dedicated/DLC_Level01_Main
[2026.04.11-17.55.12:767][956]logSoulmaskSession: [SERVER_LIST] registe server soulmask session succeed.
[2026.04.11-17.56.03:323][452]logStoreGamemode: Display: [PLAYER STORED] 76561198030657575
[2026.04.11-17.57.12:906][530]logSoulmaskSession: [SERVER_LIST] registe server soulmask session succeed.
[2026.04.11-17.59.12:933][124]logSoulmaskSession: [SERVER_LIST] registe server soulmask session succeed.
[2026.04.11-17.59.54:439][349]logStoreGamemode: Display: [PLAYER STORED] 76561198341450058
[2026.04.11-18.01.13:005][702]logSoulmaskSession: [SERVER_LIST] registe server soulmask session succeed.
[2026.04.11-18.03.13:505][292]logSoulmaskSession: [SERVER_LIST] registe server soulmask session succeed.
[2026.04.11-18.04.00:313][694]logDB: Display: cleanup auto database expired hours: -1, root path: ../../../WS/Saved/Worlds/Dedicated/DLC_Level01_Main
[2026.04.11-18.04.00:411][697]logDB: Display: cleanup auto database expired hours: -1, root path: ../../../WS/Saved/Worlds/Dedicated/DLC_Level01_Main
[2026.04.11-18.05.12:783][864]logSoulmaskSession: [SERVER_LIST] registe server soulmask session succeed.
[2026.04.11-18.06.30:252][183]logStoreGamemode: Display: [PLAYER STORED] 76561198341450058
[2026.04.11-18.07.12:998][446]logSoulmaskSession: [SERVER_LIST] registe server soulmask session succeed.
[2026.04.11-18.09.12:851][ 34]logSoulmaskSession: [SERVER_LIST] registe server soulmask session succeed.
[2026.04.11-18.09.21:955][306]logStoreGamemode: Display: [PLAYER STORED] 76561198030657575
[2026.04.11-18.11.12:830][607]logSoulmaskSession: [SERVER_LIST] registe server soulmask session succeed.
[2026.04.11-18.13.13:082][206]logSoulmaskSession: [SERVER_LIST] registe server soulmask session succeed.
[2026.04.11-18.14.00:440][624]logDB: Display: cleanup auto database expired hours: -1, root path: ../../../WS/Saved/Worlds/Dedicated/DLC_Level01_Main
[2026.04.11-18.15.03:286][488]logStoreGamemode: Display: [PLAYER STORED] 76561198030657575
[2026.04.11-18.15.12:853][775]logSoulmaskSession: [SERVER_LIST] registe server soulmask session succeed.
[2026.04.11-18.17.12:911][370]logSoulmaskSession: [SERVER_LIST] registe server soulmask session succeed.
[2026.04.11-18.19.00:335][569]logDB: Display: cleanup auto database expired hours: -1, root path: ../../../WS/Saved/Worlds/Dedicated/DLC_Level01_Main
[2026.04.11-18.19.09:038][829]logStoreGamemode: Display: [PLAYER STORED] 76561198341450058
[2026.04.11-18.19.13:060][950]logSoulmaskSession: [SERVER_LIST] registe server soulmask session succeed.
[2026.04.11-18.20.10:152][659]logStoreGamemode: Display: [PLAYER STORED] 76561198030657575
[2026.04.11-18.21.13:124][545]logSoulmaskSession: [SERVER_LIST] registe server soulmask session succeed.
[2026.04.11-18.23.12:951][115]logSoulmaskSession: [SERVER_LIST] registe server soulmask session succeed.
[2026.04.11-18.24.00:442][537]logDB: Display: cleanup auto database expired hours: -1, root path: ../../../WS/Saved/Worlds/Dedicated/DLC_Level01_Main
[2026.04.11-18.24.35:732][593]logStoreGamemode: Display: [PLAYER STORED] 76561198341450058
[2026.04.11-18.25.13:193][715]logSoulmaskSession: [SERVER_LIST] registe server soulmask session succeed.
[2026.04.11-18.27.13:184][290]logSoulmaskSession: [SERVER_LIST] registe server soulmask session succeed.
[2026.04.11-18.29.13:075][880]logSoulmaskSession: [SERVER_LIST] registe server soulmask session succeed.
[2026.04.11-18.31.13:291][462]logSoulmaskSession: [SERVER_LIST] registe server soulmask session succeed.
[2026.04.11-18.33.13:086][ 49]logSoulmaskSession: [SERVER_LIST] registe server soulmask session succeed.
[2026.04.11-18.33.14:111][ 79]logStoreGamemode: Display: [PLAYER STORED] 76561198030657575
[2026.04.11-18.34.00:352][464]logDB: Display: cleanup auto database expired hours: -1, root path: ../../../WS/Saved/Worlds/Dedicated/DLC_Level01_Main
[2026.04.11-18.34.00:445][467]logDB: Display: cleanup auto database expired hours: -1, root path: ../../../WS/Saved/Worlds/Dedicated/DLC_Level01_Main
[2026.04.11-18.35.13:269][630]logSoulmaskSession: [SERVER_LIST] registe server soulmask session succeed.
[2026.04.11-18.37.13:131][219]logSoulmaskSession: [SERVER_LIST] registe server soulmask session succeed.
[2026.04.11-18.38.00:012][603]logStoreGamemode: Display: [PLAYER STORED] 76561198341450058
[2026.04.11-18.39.13:164][794]logSoulmaskSession: [SERVER_LIST] registe server soulmask session succeed.
[2026.04.11-18.41.13:377][391]logSoulmaskSession: [SERVER_LIST] registe server soulmask session succeed.
[2026.04.11-18.43.13:406][967]logSoulmaskSession: [SERVER_LIST] registe server soulmask session succeed.
[2026.04.11-18.43.14:893][ 11]logStoreGamemode: Display: [PLAYER STORED] 76561198030657575
[2026.04.11-18.44.00:475][376]logDB: Display: cleanup auto database expired hours: -1, root path: ../../../WS/Saved/Worlds/Dedicated/DLC_Level01_Main
[2026.04.11-18.44.25:436][122]logHGamemode: Display: AHGameModeBase::AddRiZhi FGUID : 0DB3A02C2A2346E49CACCCB33A63FBB8 IsGongHui 1 GongHuiName[Oonz's Slaves] RiZhiType: 26 Params : Outcast (Craftsman) < Oonz >     LogExtParam: Location :[X=177378.969 Y=150268.656 Z=26100.084]
[2026.04.11-18.44.25:436][122]LogWS: Warning: ============== Outcast (Craftsman) < Oonz > BP: BP_Egypt_F_Cus_Gift_CookerCrafter_C_2143302868 濒死 Begin =================
[2026.04.11-18.44.25:436][122]LogWS: Warning: GEName: Default__GE_Food_Empty_Damage_C
[2026.04.11-18.44.25:436][122]LogWS: Warning: 濒死对象 主人:(SteamId:76561198341450058 Uid:9FC7B5BB30C1442EBAC31EAC68E5C9B9) 公会:(Uid:0DB3A02C2A2346E49CACCCB33A63FBB8 Name:Oonz's Slaves)
[2026.04.11-18.44.25:436][122]LogWS: Warning: 来源对象 主人:(SteamId:76561198341450058 Uid:9FC7B5BB30C1442EBAC31EAC68E5C9B9) 公会:(Uid:0DB3A02C2A2346E49CACCCB33A63FBB8 Name:Oonz's Slaves)
[2026.04.11-18.44.25:436][122]LogWS: Warning: Location: 177378,150268,26100
[2026.04.11-18.44.25:436][122]LogWS: Warning: XingWeiMoShi: 0
[2026.04.11-18.44.25:436][122]LogWS: Warning: Controler: BP_BuLuo_Controller_C_2143302844
[2026.04.11-18.44.25:436][122]LogWS: Warning: BeiKongZhi: 0
[2026.04.11-18.44.25:436][122]LogWS: Warning: ChuShiBody: 0
[2026.04.11-18.44.25:436][122]LogWS: Warning: ShengYuFuZhong: 91.4
[2026.04.11-18.44.25:436][122]LogWS: Warning: IsRenWuXiuMian: 0
[2026.04.11-18.44.25:436][122]LogWS: Warning: Bag Use Size: 1
[2026.04.11-18.44.25:436][122]LogWS: Warning: IsChuZhan: 1
[2026.04.11-18.44.25:436][122]LogWS: Warning: IsTingZhiAI: 1
[2026.04.11-18.44.25:436][122]LogWS: Warning: WaiJieWenDu: 24.351521, WenDu: 24.000000
[2026.04.11-18.44.25:436][122]LogWS: Warning: 达到口渴自动进食了: 背包是否有食物:0 周围是否有食物:0
[2026.04.11-18.44.25:436][122]LogWS: Warning: 达到饥饿自动进食了: 背包是否有食物:0 周围是否有食物:0
[2026.04.11-18.44.25:436][122]LogWS: Warning: ============== Outcast (Craftsman) < Oonz > 濒死 End =================
[2026.04.11-18.45.13:381][558]logSoulmaskSession: [SERVER_LIST] registe server soulmask session succeed.
[2026.04.11-18.45.54:255][763]logStoreGamemode: Display: [PLAYER STORED] 76561198341450058
[2026.04.11-18.46.37:975][ 72]LogWS: ZiDongJinShi: CharacterName[Outcast (Craftsman)] OwnerPlayerName[Oonz] UseTo[食物] DaoJu[Broth]
[2026.04.11-18.46.47:994][372]LogWS: ZiDongJinShi: CharacterName[Outcast (Craftsman)] OwnerPlayerName[Oonz] UseTo[食物] DaoJu[Broth]
[2026.04.11-18.47.13:389][133]logSoulmaskSession: [SERVER_LIST] registe server soulmask session succeed.
[2026.04.11-18.47.56:119][412]LogWS: ZiDongJinShi: CharacterName[Outcast (Craftsman)] OwnerPlayerName[Oonz] UseTo[药物] DaoJu[Simple Bandage]
[2026.04.11-18.49.00:355][336]logDB: Display: cleanup auto database expired hours: -1, root path: ../../../WS/Saved/Worlds/Dedicated/DLC_Level01_Main
[2026.04.11-18.49.13:246][722]logSoulmaskSession: [SERVER_LIST] registe server soulmask session succeed.
[2026.04.11-18.51.13:266][298]logSoulmaskSession: [SERVER_LIST] registe server soulmask session succeed.
[2026.04.11-18.53.13:495][898]logSoulmaskSession: [SERVER_LIST] registe server soulmask session succeed.
[2026.04.11-18.54.00:492][288]logDB: Display: cleanup auto database expired hours: -1, root path: ../../../WS/Saved/Worlds/Dedicated/DLC_Level01_Main
[2026.04.11-18.54.21:150][906]logStoreGamemode: Display: [PLAYER STORED] 76561198030657575
[2026.04.11-18.55.13:497][474]logSoulmaskSession: [SERVER_LIST] registe server soulmask session succeed.
[2026.04.11-18.57.13:504][ 50]logSoulmaskSession: [SERVER_LIST] registe server soulmask session succeed.
[2026.04.11-18.57.21:073][276]LogNetPackageMap: Warning: FNetGUIDCache::SupportsObject: AnimMontage /Engine/Transient.AnimMontage_2143297308 NOT Supported.
[2026.04.11-18.57.21:670][294]LogNetPackageMap: Warning: FNetGUIDCache::SupportsObject: AnimMontage /Engine/Transient.AnimMontage_2143297308 NOT Supported.
[2026.04.11-18.57.34:197][669]logStoreGamemode: Display: [PLAYER STORED] 76561198341450058
[2026.04.11-18.59.13:344][638]logSoulmaskSession: [SERVER_LIST] registe server soulmask session succeed.
[2026.04.11-19.01.13:589][220]logSoulmaskSession: [SERVER_LIST] registe server soulmask session succeed.
[2026.04.11-19.01.19:819][406]LogNetPackageMap: Warning: FNetGUIDCache::SupportsObject: AnimMontage /Engine/Transient.AnimMontage_2143296080 NOT Supported.
[2026.04.11-19.01.20:386][423]LogNetPackageMap: Warning: FNetGUIDCache::SupportsObject: AnimMontage /Engine/Transient.AnimMontage_2143296080 NOT Supported.
[2026.04.11-19.01.29:003][681]LogNetPackageMap: Warning: FNetGUIDCache::SupportsObject: AnimMontage /Engine/Transient.AnimMontage_2143296023 NOT Supported.
[2026.04.11-19.01.29:936][709]LogNetPackageMap: Warning: FNetGUIDCache::SupportsObject: AnimMontage /Engine/Transient.AnimMontage_2143296023 NOT Supported.
[2026.04.11-19.01.38:621][969]LogNetPackageMap: Warning: FNetGUIDCache::SupportsObject: AnimMontage /Engine/Transient.AnimMontage_2143295967 NOT Supported.
[2026.04.11-19.01.39:220][987]LogNetPackageMap: Warning: FNetGUIDCache::SupportsObject: AnimMontage /Engine/Transient.AnimMontage_2143295967 NOT Supported.
[2026.04.11-19.02.19:002][178]LogAbilitySystem: Display: InternalServerTryActivateAbility. Rejecting ClientActivation of Default__GA_Shuangdao_VAttack01_C. InternalTryActivateAbility failed: 
[2026.04.11-19.03.13:322][805]logSoulmaskSession: [SERVER_LIST] registe server soulmask session succeed.
[2026.04.11-19.04.00:384][214]logDB: Display: cleanup auto database expired hours: -1, root path: ../../../WS/Saved/Worlds/Dedicated/DLC_Level01_Main
[2026.04.11-19.04.00:518][218]logDB: Display: cleanup auto database expired hours: -1, root path: ../../../WS/Saved/Worlds/Dedicated/DLC_Level01_Main
[2026.04.11-19.05.13:600][388]logSoulmaskSession: [SERVER_LIST] registe server soulmask session succeed.
[2026.04.11-19.06.03:988][896]LogWS: Warning: BP_EgyptDLC_TribeM_SavageHorn_Elite_C_2143406094 在 (79833, 151327, 26740) 强制传回出生点瞬移到 (79833, 151327, 26648)
[2026.04.11-19.07.07:740][805]logStoreGamemode: Display: [PLAYER STORED] 76561198030657575
[2026.04.11-19.07.13:367][974]logSoulmaskSession: [SERVER_LIST] registe server soulmask session succeed.
[2026.04.11-19.09.13:384][548]logSoulmaskSession: [SERVER_LIST] registe server soulmask session succeed.
[2026.04.11-19.10.42:843][224]logStoreGamemode: Display: [PLAYER STORED] 76561198341450058
[2026.04.11-19.11.13:609][145]logSoulmaskSession: [SERVER_LIST] registe server soulmask session succeed.
[2026.04.11-19.13.13:599][719]logSoulmaskSession: [SERVER_LIST] registe server soulmask session succeed.
[2026.04.11-19.14.00:552][125]logDB: Display: cleanup auto database expired hours: -1, root path: ../../../WS/Saved/Worlds/Dedicated/DLC_Level01_Main
[2026.04.11-19.15.13:622][313]logSoulmaskSession: [SERVER_LIST] registe server soulmask session succeed.
[2026.04.11-19.17.13:507][885]logSoulmaskSession: [SERVER_LIST] registe server soulmask session succeed.
[2026.04.11-19.19.00:417][ 86]logDB: Display: cleanup auto database expired hours: -1, root path: ../../../WS/Saved/Worlds/Dedicated/DLC_Level01_Main
[2026.04.11-19.19.08:353][323]logStoreGamemode: Display: [PLAYER STORED] 76561198030657575
[2026.04.11-19.19.13:479][477]logSoulmaskSession: [SERVER_LIST] registe server soulmask session succeed.
[2026.04.11-19.21.13:721][ 60]logSoulmaskSession: [SERVER_LIST] registe server soulmask session succeed.
[2026.04.11-19.22.28:149][288]logStoreGamemode: Display: [PLAYER STORED] 76561198341450058
[2026.04.11-19.23.13:666][651]logSoulmaskSession: [SERVER_LIST] registe server soulmask session succeed.
[2026.04.11-19.23.40:600][457]LogNetPackageMap: Warning: FNetGUIDCache::SupportsObject: AnimMontage /Engine/Transient.AnimMontage_2143287956 NOT Supported.
[2026.04.11-19.23.40:600][457]LogNetPackageMap: Warning: FNetGUIDCache::SupportsObject: AnimMontage /Engine/Transient.AnimMontage_2143287956 NOT Supported.
[2026.04.11-19.23.50:352][749]LogNetPackageMap: Warning: FNetGUIDCache::SupportsObject: AnimMontage /Engine/Transient.AnimMontage_2143287885 NOT Supported.
[2026.04.11-19.23.50:352][749]LogNetPackageMap: Warning: FNetGUIDCache::SupportsObject: AnimMontage /Engine/Transient.AnimMontage_2143287885 NOT Supported.
[2026.04.11-19.23.58:233][985]LogNetPackageMap: Warning: FNetGUIDCache::SupportsObject: AnimMontage /Engine/Transient.AnimMontage_2143287816 NOT Supported.
[2026.04.11-19.23.58:233][985]LogNetPackageMap: Warning: FNetGUIDCache::SupportsObject: AnimMontage /Engine/Transient.AnimMontage_2143287816 NOT Supported.
[2026.04.11-19.24.00:554][ 55]logDB: Display: cleanup auto database expired hours: -1, root path: ../../../WS/Saved/Worlds/Dedicated/DLC_Level01_Main
[2026.04.11-19.25.06:279][  5]LogNetPackageMap: Warning: FNetGUIDCache::SupportsObject: AnimMontage /Engine/Transient.AnimMontage_2143287077 NOT Supported.
[2026.04.11-19.25.06:279][  5]LogNetPackageMap: Warning: FNetGUIDCache::SupportsObject: AnimMontage /Engine/Transient.AnimMontage_2143287077 NOT Supported.
[2026.04.11-19.25.13:508][222]logSoulmaskSession: [SERVER_LIST] registe server soulmask session succeed.
[2026.04.11-19.25.58:514][569]LogNetPackageMap: Warning: FNetGUIDCache::SupportsObject: AnimMontage /Engine/Transient.AnimMontage_2143286490 NOT Supported.
[2026.04.11-19.25.58:514][569]LogNetPackageMap: Warning: FNetGUIDCache::SupportsObject: AnimMontage /Engine/Transient.AnimMontage_2143286490 NOT Supported.
[2026.04.11-19.26.15:879][ 89]LogNetPackageMap: Warning: FNetGUIDCache::SupportsObject: AnimMontage /Engine/Transient.AnimMontage_2143286319 NOT Supported.
[2026.04.11-19.26.15:879][ 89]LogNetPackageMap: Warning: FNetGUIDCache::SupportsObject: AnimMontage /Engine/Transient.AnimMontage_2143286319 NOT Supported.
[2026.04.11-19.26.29:306][491]LogNetPackageMap: Warning: FNetGUIDCache::SupportsObject: AnimMontage /Engine/Transient.AnimMontage_2143286154 NOT Supported.
[2026.04.11-19.26.29:306][491]LogNetPackageMap: Warning: FNetGUIDCache::SupportsObject: AnimMontage /Engine/Transient.AnimMontage_2143286154 NOT Supported.
[2026.04.11-19.26.29:705][503]LogNetPackageMap: Warning: FNetGUIDCache::SupportsObject: AnimMontage /Engine/Transient.AnimMontage_2143286154 NOT Supported.
[2026.04.11-19.26.29:705][503]LogNetPackageMap: Warning: FNetGUIDCache::SupportsObject: AnimMontage /Engine/Transient.AnimMontage_2143286154 NOT Supported.
[2026.04.11-19.26.43:833][926]LogNetPackageMap: Warning: FNetGUIDCache::SupportsObject: AnimMontage /Engine/Transient.AnimMontage_2143285955 NOT Supported.
[2026.04.11-19.26.43:833][926]LogNetPackageMap: Warning: FNetGUIDCache::SupportsObject: AnimMontage /Engine/Transient.AnimMontage_2143285955 NOT Supported.
[2026.04.11-19.26.44:266][939]LogNetPackageMap: Warning: FNetGUIDCache::SupportsObject: AnimMontage /Engine/Transient.AnimMontage_2143285955 NOT Supported.
[2026.04.11-19.26.44:266][939]LogNetPackageMap: Warning: FNetGUIDCache::SupportsObject: AnimMontage /Engine/Transient.AnimMontage_2143285955 NOT Supported.
[2026.04.11-19.27.05:639][579]LogNetPackageMap: Warning: FNetGUIDCache::SupportsObject: AnimMontage /Engine/Transient.AnimMontage_2143285615 NOT Supported.
[2026.04.11-19.27.05:639][579]LogNetPackageMap: Warning: FNetGUIDCache::SupportsObject: AnimMontage /Engine/Transient.AnimMontage_2143285615 NOT Supported.
[2026.04.11-19.27.13:702][821]logSoulmaskSession: [SERVER_LIST] registe server soulmask session succeed.
[2026.04.11-19.27.42:250][675]LogNetPackageMap: Warning: FNetGUIDCache::SupportsObject: AnimMontage /Engine/Transient.AnimMontage_2143285082 NOT Supported.
[2026.04.11-19.27.42:250][675]LogNetPackageMap: Warning: FNetGUIDCache::SupportsObject: AnimMontage /Engine/Transient.AnimMontage_2143285082 NOT Supported.
[2026.04.11-19.27.42:649][687]LogNetPackageMap: Warning: FNetGUIDCache::SupportsObject: AnimMontage /Engine/Transient.AnimMontage_2143285082 NOT Supported.
[2026.04.11-19.27.42:649][687]LogNetPackageMap: Warning: FNetGUIDCache::SupportsObject: AnimMontage /Engine/Transient.AnimMontage_2143285082 NOT Supported.
[2026.04.11-19.27.48:392][859]logHGamemode: Display: AHGameModeBase::AddRiZhi FGUID : 0DB3A02C2A2346E49CACCCB33A63FBB8 IsGongHui 1 GongHuiName[Oonz's Slaves] RiZhiType: 17 Params : HomeGirl   Campfire     LogExtParam: 
[2026.04.11-19.28.34:576][223]LogNetPackageMap: Warning: FNetGUIDCache::SupportsObject: AnimMontage /Engine/Transient.AnimMontage_2143284426 NOT Supported.
[2026.04.11-19.28.34:576][223]LogNetPackageMap: Warning: FNetGUIDCache::SupportsObject: AnimMontage /Engine/Transient.AnimMontage_2143284426 NOT Supported.
[2026.04.11-19.28.34:975][235]LogNetPackageMap: Warning: FNetGUIDCache::SupportsObject: AnimMontage /Engine/Transient.AnimMontage_2143284426 NOT Supported.
[2026.04.11-19.28.34:975][235]LogNetPackageMap: Warning: FNetGUIDCache::SupportsObject: AnimMontage /Engine/Transient.AnimMontage_2143284426 NOT Supported.
[2026.04.11-19.28.37:081][298]LogNetPackageMap: Warning: FNetGUIDCache::SupportsObject: AnimMontage /Engine/Transient.AnimMontage_2143284395 NOT Supported.
[2026.04.11-19.28.37:081][298]LogNetPackageMap: Warning: FNetGUIDCache::SupportsObject: AnimMontage /Engine/Transient.AnimMontage_2143284395 NOT Supported.
[2026.04.11-19.28.37:513][311]LogNetPackageMap: Warning: FNetGUIDCache::SupportsObject: AnimMontage /Engine/Transient.AnimMontage_2143284395 NOT Supported.
[2026.04.11-19.28.37:513][311]LogNetPackageMap: Warning: FNetGUIDCache::SupportsObject: AnimMontage /Engine/Transient.AnimMontage_2143284395 NOT Supported.
[2026.04.11-19.28.51:574][732]LogNetPackageMap: Warning: FNetGUIDCache::SupportsObject: AnimMontage /Engine/Transient.AnimMontage_2143284234 NOT Supported.
[2026.04.11-19.28.51:574][732]LogNetPackageMap: Warning: FNetGUIDCache::SupportsObject: AnimMontage /Engine/Transient.AnimMontage_2143284234 NOT Supported.
[2026.04.11-19.28.51:939][743]LogNetPackageMap: Warning: FNetGUIDCache::SupportsObject: AnimMontage /Engine/Transient.AnimMontage_2143284234 NOT Supported.
[2026.04.11-19.28.51:939][743]LogNetPackageMap: Warning: FNetGUIDCache::SupportsObject: AnimMontage /Engine/Transient.AnimMontage_2143284234 NOT Supported.
[2026.04.11-19.29.13:697][395]logSoulmaskSession: [SERVER_LIST] registe server soulmask session succeed.
[2026.04.11-19.31.13:763][990]logSoulmaskSession: [SERVER_LIST] registe server soulmask session succeed.
[2026.04.11-19.31.32:623][554]logStoreGamemode: Display: [PLAYER STORED] 76561198030657575
[2026.04.11-19.33.13:629][561]logSoulmaskSession: [SERVER_LIST] registe server soulmask session succeed.
[2026.04.11-19.34.00:423][962]logDB: Display: cleanup auto database expired hours: -1, root path: ../../../WS/Saved/Worlds/Dedicated/DLC_Level01_Main
[2026.04.11-19.34.00:557][966]logDB: Display: cleanup auto database expired hours: -1, root path: ../../../WS/Saved/Worlds/Dedicated/DLC_Level01_Main
[2026.04.11-19.35.13:632][154]logSoulmaskSession: [SERVER_LIST] registe server soulmask session succeed.
[2026.04.11-19.35.41:611][974]logStoreGamemode: Display: [PLAYER STORED] 76561198341450058
[2026.04.11-19.37.13:873][737]logSoulmaskSession: [SERVER_LIST] registe server soulmask session succeed.
[2026.04.11-19.38.01:148][152]LogAbilitySystem: Display: InternalServerTryActivateAbility. Rejecting ClientActivation of Default__GA_Shuangdao_VAttack01_C. InternalTryActivateAbility failed: 
[2026.04.11-19.38.59:578][901]LogAbilitySystem: Display: InternalServerTryActivateAbility. Rejecting ClientActivation of Default__GA_Dodge_C. InternalTryActivateAbility failed: 
[2026.04.11-19.39.13:890][330]logSoulmaskSession: [SERVER_LIST] registe server soulmask session succeed.
[2026.04.11-19.39.39:328][ 74]LogAnimMontage: Warning: JumpToSectionName B bEndOfSection: 0 failed for Montage AM_YingZhi_Fist_HitEgg
[2026.04.11-19.41.13:921][906]logSoulmaskSession: [SERVER_LIST] registe server soulmask session succeed.
[2026.04.11-19.41.32:950][475]LogNet: NotifyAcceptingConnection accepted from: 47.158.121.138:63455
[2026.04.11-19.41.32:984][476]LogNet: NotifyAcceptingConnection accepted from: 47.158.121.138:63455
[2026.04.11-19.41.32:984][476]LogNet: Server accepting post-challenge connection from: 47.158.121.138:63455
[2026.04.11-19.41.32:985][476]PacketHandlerLog: Loaded PacketHandler component: PacketCheckHandlerComponent ()
[2026.04.11-19.41.32:985][476]PacketHandlerLog: Loaded PacketHandler component: OnlineSubsystemSteam.SteamAuthComponentModuleInterface ()
[2026.04.11-19.41.32:985][476]PacketHandlerLog: Loaded PacketHandler component: AESHandlerComponent ()
[2026.04.11-19.41.32:985][476]LogHandshake: Warning: INIT CLIENT ONLINE PLATFROM: 0
[2026.04.11-19.41.32:985][476]PacketHandlerLog: Loaded PacketHandler component: Engine.EngineHandlerComponentFactory (StatelessConnectHandlerComponent)
[2026.04.11-19.41.32:985][476]LogNet: NotifyAcceptedConnection: Name: DLC_Level01_Main, TimeStamp: 04/11/26 12:41:32, [UNetConnection] RemoteAddr: 47.158.121.138:63455, Name: SteamNetConnection_2143281271, Driver: GameNetDriver SteamNetDriver_2147474235, IsServer: YES, PC: NULL, Owner: NULL, UniqueId: INVALID
[2026.04.11-19.41.32:985][476]LogNet: AddClientConnection: Added client connection: [UNetConnection] RemoteAddr: 47.158.121.138:63455, Name: SteamNetConnection_2143281271, Driver: GameNetDriver SteamNetDriver_2147474235, IsServer: YES, PC: NULL, Owner: NULL, UniqueId: INVALID
[2026.04.11-19.41.33:018][477]LogOnline: STEAM: AUTH HANDLER: Sending auth result to user 76561198349338168 with flag success? 1
[2026.04.11-19.41.33:051][478]LogNet: NotifyAcceptingChannel Control 0 server World /Game/AdditionMap01/Maps/DLC_Level01/DLC_Level01_Main.DLC_Level01_Main: Accepted
[2026.04.11-19.41.33:051][478]LogNet: Remote platform little endian=1
[2026.04.11-19.41.33:051][478]LogNet: This platform little endian=1
[2026.04.11-19.41.33:084][479]LogNet: Login request: ?EncryptionToken=1?Name=Omega Korneya?culture=en-US?gg=20260410?cn=0 userId: Steam:UNKNOWN [0x11000011730C638] platform: steam
[2026.04.11-19.41.33:084][479]logStoreGamemode: Display: Login request: IsKuaFu:false
[2026.04.11-19.41.35:555][553]LogNet: Client netspeed is 100000
[2026.04.11-19.41.35:555][553]logStoreGamemode: AStoreGameMode::PrePostLogin:IsUseDBAgent:0.
[2026.04.11-19.41.35:555][553]LogNet: Join request: /Engine/Maps/Entry?EncryptionToken=1?Name=Omega Korneya?culture=en-US?gg=20260410?cn=0?SplitscreenCount=1
[2026.04.11-19.41.35:560][553]LogWS: Store_OnPostLoadActor::UseDBAgent:0 bKuaFuing:0 ServerID:512 LatestServerID:512
[2026.04.11-19.41.35:561][553]logStoreGamemode: player ready. Addr:47.158.121.138, Netuid:76561198349338168, Name:Omega Korneya
[2026.04.11-19.41.35:564][553]logStoreGamemode: Try restore controlled pawn last time. guid=FA3C3F23D9D54EC3BF0B401B440269F9
[2026.04.11-19.41.35:564][553]LogNet: Join succeeded: Omega Korneya
[2026.04.11-19.41.35:806][561]logSoulmaskSession: [SERVER_LIST] registe server soulmask session succeed.
[2026.04.11-19.41.37:763][619]LogNet: Server connection received: ActorChannelFailure [UChannel] ChIndex: 0, Closing: 0 [UNetConnection] RemoteAddr: 47.158.121.138:63455, Name: SteamNetConnection_2143281271, Driver: GameNetDriver SteamNetDriver_2147474235, IsServer: YES, PC: BP_PlayerController_C_2143281253, Owner: BP_PlayerController_C_2143281253, UniqueId: Steam:UNKNOWN [0x11000011730C638]
[2026.04.11-19.41.37:994][626]LogNet: Server connection received: ActorChannelFailure [UChannel] ChIndex: 0, Closing: 0 [UNetConnection] RemoteAddr: 47.158.121.138:63455, Name: SteamNetConnection_2143281271, Driver: GameNetDriver SteamNetDriver_2147474235, IsServer: YES, PC: BP_PlayerController_C_2143281253, Owner: BP_PlayerController_C_2143281253, UniqueId: Steam:UNKNOWN [0x11000011730C638]
[2026.04.11-19.41.37:994][626]LogNet: Server connection received: ActorChannelFailure [UChannel] ChIndex: 0, Closing: 0 [UNetConnection] RemoteAddr: 47.158.121.138:63455, Name: SteamNetConnection_2143281271, Driver: GameNetDriver SteamNetDriver_2147474235, IsServer: YES, PC: BP_PlayerController_C_2143281253, Owner: BP_PlayerController_C_2143281253, UniqueId: Steam:UNKNOWN [0x11000011730C638]
[2026.04.11-19.43.36:225][147]logSoulmaskSession: [SERVER_LIST] registe server soulmask session succeed.
[2026.04.11-19.43.45:026][410]LogAbilitySystem: Warning: UGameplayAbility::GetAbilityLevel. Invalid AbilitySpecHandle 127738 for Ability GA_Tool_ReapSickle_Base_C_2143282502. Returning level 1.
[2026.04.11-19.44.00:586][876]logDB: Display: cleanup auto database expired hours: -1, root path: ../../../WS/Saved/Worlds/Dedicated/DLC_Level01_Main
[2026.04.11-19.44.21:663][506]logStoreGamemode: Display: [PLAYER STORED] 76561198030657575
[2026.04.11-19.45.04:788][797]logStoreGamemode: Display: [PLAYER STORED] 76561198341450058
[2026.04.11-19.45.36:376][743]logSoulmaskSession: [SERVER_LIST] registe server soulmask session succeed.
[2026.04.11-19.47.36:438][320]logSoulmaskSession: [SERVER_LIST] registe server soulmask session succeed.
[2026.04.11-19.48.49:731][514]LogWS: ZiDongJinShi: CharacterName[Basic Bitch Starter] OwnerPlayerName[Omega Korneya] UseTo[食物] DaoJu[Nut]
[2026.04.11-19.49.00:440][835]logDB: Display: cleanup auto database expired hours: -1, root path: ../../../WS/Saved/Worlds/Dedicated/DLC_Level01_Main
[2026.04.11-19.49.36:459][913]logSoulmaskSession: [SERVER_LIST] registe server soulmask session succeed.
[2026.04.11-19.49.50:879][344]LogWS: ZiDongJinShi: CharacterName[Omega Korneya] OwnerPlayerName[Omega Korneya] UseTo[食物] DaoJu[Broth]
[2026.04.11-19.51.36:319][484]logSoulmaskSession: [SERVER_LIST] registe server soulmask session succeed.
[2026.04.11-19.53.36:455][ 81]logSoulmaskSession: [SERVER_LIST] registe server soulmask session succeed.
[2026.04.11-19.54.00:598][803]logDB: Display: cleanup auto database expired hours: -1, root path: ../../../WS/Saved/Worlds/Dedicated/DLC_Level01_Main
[2026.04.11-19.55.36:486][655]logSoulmaskSession: [SERVER_LIST] registe server soulmask session succeed.
[2026.04.11-19.55.45:927][937]logStoreGamemode: Display: [PLAYER STORED] 76561198341450058
[2026.04.11-19.55.52:943][147]logStoreGamemode: Display: [PLAYER STORED] 76561198349338168
[2026.04.11-19.56.55:081][  6]LogAbilitySystem: Warning: UGameplayAbility::GetAbilityLevel. Invalid AbilitySpecHandle 128534 for Ability GA_Tool_MiningPickAxe_Base_C_2143277773. Returning level 1.
[2026.04.11-19.56.55:180][  9]LogAbilitySystem: Display: InternalServerTryActivateAbility. Rejecting ClientActivation of ability with invalid SpecHandle!
[2026.04.11-19.57.36:313][240]logSoulmaskSession: [SERVER_LIST] registe server soulmask session succeed.
[2026.04.11-19.58.28:476][801]logStoreGamemode: Display: [PLAYER STORED] 76561198030657575
[2026.04.11-19.59.36:380][817]logSoulmaskSession: [SERVER_LIST] registe server soulmask session succeed.
[2026.04.11-20.00.24:833][267]LogWS: ZiDongJinShi: CharacterName[Novice Hunter <Savagehorn Tribe>] OwnerPlayerName[] UseTo[食物] DaoJu[Mushroom Soup]
[2026.04.11-20.00.28:573][379]LogWS: ZiDongJinShi: CharacterName[Skilled Warrior <Savagehorn Tribe>] OwnerPlayerName[] UseTo[食物] DaoJu[Broth]
[2026.04.11-20.01.09:959][618]LogAnimMontage: Warning: JumpToSectionName BL bEndOfSection: 0 failed for Montage M_Bigsword_Break_tanfan
[2026.04.11-20.01.14:981][768]LogAnimMontage: Warning: JumpToSectionName BL bEndOfSection: 0 failed for Montage M_Fist_Break_tanfan_end
[2026.04.11-20.01.36:523][414]logSoulmaskSession: [SERVER_LIST] registe server soulmask session succeed.
[2026.04.11-20.01.59:888][113]LogAbilitySystem: Warning: UGameplayAbility::GetAbilityLevel. Invalid AbilitySpecHandle 128624 for Ability GA_Tool_ReapSickle_Base_C_2143277194. Returning level 1.
[2026.04.11-20.02.03:471][220]logStoreGamemode: Display: [PLAYER STORED] 76561198341450058
[2026.04.11-20.02.04:298][245]LogWS: ZiDongJinShi: CharacterName[Skilled Guard <Savagehorn Tribe>] OwnerPlayerName[] UseTo[食物] DaoJu[Mushroom Soup]
[2026.04.11-20.03.36:593][991]logSoulmaskSession: [SERVER_LIST] registe server soulmask session succeed.
[2026.04.11-20.04.00:448][705]logDB: Display: cleanup auto database expired hours: -1, root path: ../../../WS/Saved/Worlds/Dedicated/DLC_Level01_Main
[2026.04.11-20.04.00:615][710]logDB: Display: cleanup auto database expired hours: -1, root path: ../../../WS/Saved/Worlds/Dedicated/DLC_Level01_Main
[2026.04.11-20.05.14:479][921]logStoreGamemode: Display: [PLAYER STORED] 76561198349338168
[2026.04.11-20.05.24:930][234]LogWS: ZiDongJinShi: CharacterName[Oonz's 1st Bitch] OwnerPlayerName[Oonz] UseTo[食物] DaoJu[Nut]
[2026.04.11-20.05.26:634][285]LogWS: ZiDongJinShi: CharacterName[Master Guard <Savagehorn Tribe>] OwnerPlayerName[] UseTo[食物] DaoJu[Mushroom Soup]
[2026.04.11-20.05.35:955][564]LogWS: ZiDongJinShi: CharacterName[Omega Korneya] OwnerPlayerName[Omega Korneya] UseTo[食物] DaoJu[Roasted Onion]
[2026.04.11-20.05.36:635][585]logSoulmaskSession: [SERVER_LIST] registe server soulmask session succeed.
[2026.04.11-20.06.52:313][833]LogWS: ZiDongJinShi: CharacterName[Basic Bitch Starter] OwnerPlayerName[Omega Korneya] UseTo[水] DaoJu[Mushroom Soup]
[2026.04.11-20.07.20:099][665]LogWS: ZhaoMuChanged Add : PlayerName[Omega Korneya] CharacterName[Novice Hunter <Savagehorn Tribe>] Name[BP_EgyptDLC_TribeM_SavageHorn_C_2143276671] SourceGuid[DF21DB58B0D3448A995B89322B47EE4F] Reason:[AHCharacterRen::ZhaoMu]
[2026.04.11-20.07.20:100][665]LogWS: AHCharacterRen::ZhaoMu SourceLocation : CharacterName[Novice Hunter <Savagehorn Tribe>] Name[BP_EgyptDLC_TribeM_SavageHorn_C_2143276671] Location[X=40546.078 Y=185960.578 Z=26345.646]
[2026.04.11-20.07.20:100][665]logHGamemode: Display: AHGameModeBase::AddRiZhi FGUID : 0DB3A02C2A2346E49CACCCB33A63FBB8 IsGongHui 1 GongHuiName[Oonz's Slaves] RiZhiType: 15 Params : Omega Korneya   Novice Hunter <Savagehorn Tribe>     LogExtParam: 
[2026.04.11-20.07.20:116][665]LogWS: AHCharacterRen::ZhaoMu SetActorLocation : CharacterName[Novice Hunter <Savagehorn Tribe>] Name[BP_EgyptDLC_TribeM_SavageHorn_C_2143276671] Location[X=40546.078 Y=185960.578 Z=26353.496]
[2026.04.11-20.07.21:269][700]logStoreGamemode: Display: [PLAYER STORED] 76561198341450058
[2026.04.11-20.07.36:401][153]logSoulmaskSession: [SERVER_LIST] registe server soulmask session succeed.
[2026.04.11-20.08.03:542][965]LogWS: ZhaoMuChanged Add : PlayerName[Omega Korneya] CharacterName[Skilled Warrior <Savagehorn Tribe>] Name[BP_EgyptDLC_TribeF_SavageHorn_C_2143277861] SourceGuid[DF21DB58B0D3448A995B89322B47EE4F] Reason:[AHCharacterRen::ZhaoMu]
[2026.04.11-20.08.03:544][965]LogWS: AHCharacterRen::ZhaoMu SourceLocation : CharacterName[Skilled Warrior <Savagehorn Tribe>] Name[BP_EgyptDLC_TribeF_SavageHorn_C_2143277861] Location[X=40399.371 Y=186081.297 Z=26355.549]
[2026.04.11-20.08.03:544][965]logHGamemode: Display: AHGameModeBase::AddRiZhi FGUID : 0DB3A02C2A2346E49CACCCB33A63FBB8 IsGongHui 1 GongHuiName[Oonz's Slaves] RiZhiType: 15 Params : Omega Korneya   Skilled Warrior <Savagehorn Tribe>     LogExtParam: 
[2026.04.11-20.08.03:563][965]LogWS: AHCharacterRen::ZhaoMu SetActorLocation : CharacterName[Skilled Warrior <Savagehorn Tribe>] Name[BP_EgyptDLC_TribeF_SavageHorn_C_2143277861] Location[X=40399.371 Y=186081.297 Z=26363.396]
[2026.04.11-20.08.14:406][290]logStoreGamemode: Display: [PLAYER STORED] 76561198030657575
[2026.04.11-20.09.36:611][751]logSoulmaskSession: [SERVER_LIST] registe server soulmask session succeed.
[2026.04.11-20.11.36:405][319]logSoulmaskSession: [SERVER_LIST] registe server soulmask session succeed.
[2026.04.11-20.12.06:694][225]LogWS: ZhaoMuChanged Delete : PlayerName[Omega Korneya] CharacterName[Barbarian] Name[BP_EgyptDLC_TribeF_SavageHorn_C_2143277861] SourceGuid[DF21DB58B0D3448A995B89322B47EE4F] Reason:[ZhuanZeng]
[2026.04.11-20.12.06:695][225]LogWS: ZhaoMuChanged Add : PlayerName[HomeGirl] CharacterName[Stone Gather] Name[BP_EgyptDLC_TribeF_SavageHorn_C_2143277861] SourceGuid[34A48B86A50645889B5E085C7A7BB4E7] Reason:[ZhuanZeng]
[2026.04.11-20.12.06:696][225]logHGamemode: Display: AHGameModeBase::AddRiZhi FGUID : 0DB3A02C2A2346E49CACCCB33A63FBB8 IsGongHui 1 GongHuiName[Oonz's Slaves] RiZhiType: 36 Params : Omega Korneya   Stone Gather   HomeGirl     LogExtParam: 
[2026.04.11-20.12.13:549][430]LogWS: ZhaoMuChanged Add : PlayerName[Omega Korneya] CharacterName[Master Guard <Savagehorn Tribe>] Name[BP_EgyptDLC_TribeF_SavageHorn_C_2143276753] SourceGuid[DF21DB58B0D3448A995B89322B47EE4F] Reason:[AHCharacterRen::ZhaoMu]
[2026.04.11-20.12.13:550][430]LogWS: AHCharacterRen::ZhaoMu SourceLocation : CharacterName[Master Guard <Savagehorn Tribe>] Name[BP_EgyptDLC_TribeF_SavageHorn_C_2143276753] Location[X=40115.898 Y=186317.984 Z=26352.648]
[2026.04.11-20.12.13:550][430]logHGamemode: Display: AHGameModeBase::AddRiZhi FGUID : 0DB3A02C2A2346E49CACCCB33A63FBB8 IsGongHui 1 GongHuiName[Oonz's Slaves] RiZhiType: 15 Params : Omega Korneya   Master Guard <Savagehorn Tribe>     LogExtParam: 
[2026.04.11-20.12.13:569][430]LogWS: AHCharacterRen::ZhaoMu SetActorLocation : CharacterName[Master Guard <Savagehorn Tribe>] Name[BP_EgyptDLC_TribeF_SavageHorn_C_2143276753] Location[X=40115.898 Y=186317.984 Z=26360.500]
[2026.04.11-20.12.19:602][611]logStoreGamemode: Display: [PLAYER STORED] 76561198349338168
[2026.04.11-20.12.56:215][707]LogWS: ZhaoMuChanged Delete : PlayerName[Omega Korneya] CharacterName[Barbarian] Name[BP_EgyptDLC_TribeF_SavageHorn_C_2143276753] SourceGuid[DF21DB58B0D3448A995B89322B47EE4F] Reason:[ZhuanZeng]
[2026.04.11-20.12.56:216][707]LogWS: ZhaoMuChanged Add : PlayerName[HomeGirl] CharacterName[Wood Gather] Name[BP_EgyptDLC_TribeF_SavageHorn_C_2143276753] SourceGuid[34A48B86A50645889B5E085C7A7BB4E7] Reason:[ZhuanZeng]
[2026.04.11-20.12.56:217][707]logHGamemode: Display: AHGameModeBase::AddRiZhi FGUID : 0DB3A02C2A2346E49CACCCB33A63FBB8 IsGongHui 1 GongHuiName[Oonz's Slaves] RiZhiType: 36 Params : Omega Korneya   Wood Gather   HomeGirl     LogExtParam: 
[2026.04.11-20.12.59:187][796]LogWS: ZhaoMuChanged Add : PlayerName[Omega Korneya] CharacterName[Skilled Guard <Savagehorn Tribe>] Name[BP_EgyptDLC_TribeM_SavageHorn_C_2143275991] SourceGuid[DF21DB58B0D3448A995B89322B47EE4F] Reason:[AHCharacterRen::ZhaoMu]
[2026.04.11-20.12.59:195][796]LogWS: AHCharacterRen::ZhaoMu SourceLocation : CharacterName[Skilled Guard <Savagehorn Tribe>] Name[BP_EgyptDLC_TribeM_SavageHorn_C_2143275991] Location[X=40252.598 Y=186202.500 Z=26362.693]
[2026.04.11-20.12.59:195][796]logHGamemode: Display: AHGameModeBase::AddRiZhi FGUID : 0DB3A02C2A2346E49CACCCB33A63FBB8 IsGongHui 1 GongHuiName[Oonz's Slaves] RiZhiType: 15 Params : Omega Korneya   Skilled Guard <Savagehorn Tribe>     LogExtParam: 
[2026.04.11-20.12.59:210][796]LogWS: AHCharacterRen::ZhaoMu SetActorLocation : CharacterName[Skilled Guard <Savagehorn Tribe>] Name[BP_EgyptDLC_TribeM_SavageHorn_C_2143275991] Location[X=40252.598 Y=186202.500 Z=26370.543]
[2026.04.11-20.13.36:445][912]logSoulmaskSession: [SERVER_LIST] registe server soulmask session succeed.
[2026.04.11-20.14.00:622][636]logDB: Display: cleanup auto database expired hours: -1, root path: ../../../WS/Saved/Worlds/Dedicated/DLC_Level01_Main
[2026.04.11-20.14.08:793][880]LogWS: ZiDongJinShi: CharacterName[Oonz] OwnerPlayerName[Oonz] UseTo[食物] DaoJu[Cooked Meat]
[2026.04.11-20.15.36:649][494]logSoulmaskSession: [SERVER_LIST] registe server soulmask session succeed.
[2026.04.11-20.16.35:243][248]LogAbilitySystem: Display: InternalServerTryActivateAbility. Rejecting ClientActivation of Default__GA_Shuangdao_VAttack01_C. InternalTryActivateAbility failed: 
[2026.04.11-20.17.14:790][432]logStoreGamemode: Display: [PLAYER STORED] 76561198341450058
[2026.04.11-20.17.34:528][ 23]logHGamemode: Display: AHGameModeBase::AddRiZhi FGUID : 0DB3A02C2A2346E49CACCCB33A63FBB8 IsGongHui 1 GongHuiName[Oonz's Slaves] RiZhiType: 28 Params : Oonz ( Oonz )   Master Warrior <Savagehorn Tribe>           LogExtParam: Location :[X=33566.727 Y=185743.438 Z=26468.871]   KillCharLocation :[X=33557.262 Y=185686.562 Z=26458.469]
[2026.04.11-20.17.34:528][ 23]LogWS: Warning: ============== Oonz ( Oonz ) BP: BP_EgyptDLC_PlayerBase_F_C_2143408133 濒死 Begin =================
[2026.04.11-20.17.34:528][ 23]LogWS: Warning: GEName: Default__DamageType_Hit_C
[2026.04.11-20.17.34:528][ 23]LogWS: Warning: 濒死对象 主人:(SteamId:76561198341450058 Uid:9FC7B5BB30C1442EBAC31EAC68E5C9B9) 公会:(Uid:0DB3A02C2A2346E49CACCCB33A63FBB8 Name:Oonz's Slaves)
[2026.04.11-20.17.34:528][ 23]LogWS: Warning: 来源对象  
[2026.04.11-20.17.34:528][ 23]LogWS: Warning: Location: 33566,185743,26468
[2026.04.11-20.17.34:528][ 23]LogWS: Warning: BeiKongZhi: 1
[2026.04.11-20.17.34:528][ 23]LogWS: Warning: ChuShiBody: 1
[2026.04.11-20.17.34:528][ 23]LogWS: Warning: ShengYuFuZhong: 62.6
[2026.04.11-20.17.34:528][ 23]LogWS: Warning: IsRenWuXiuMian: 0
[2026.04.11-20.17.34:528][ 23]LogWS: Warning: Bag Use Size: 37
[2026.04.11-20.17.34:528][ 23]LogWS: Warning: IsChuZhan: 0
[2026.04.11-20.17.34:528][ 23]LogWS: Warning: IsTingZhiAI: 0
[2026.04.11-20.17.34:528][ 23]LogWS: Warning: WaiJieWenDu: 23.069483, WenDu: 24.000000
[2026.04.11-20.17.34:528][ 23]LogWS: Warning: ============== Oonz ( Oonz ) 濒死 End =================
[2026.04.11-20.17.35:762][ 60]LogWS: ZiDongJinShi: CharacterName[Oonz's 1st Bitch] OwnerPlayerName[Oonz] UseTo[食物] DaoJu[Nut]
[2026.04.11-20.17.36:478][ 82]logSoulmaskSession: [SERVER_LIST] registe server soulmask session succeed.
[2026.04.11-20.19.00:476][577]logDB: Display: cleanup auto database expired hours: -1, root path: ../../../WS/Saved/Worlds/Dedicated/DLC_Level01_Main
[2026.04.11-20.19.36:895][666]logSoulmaskSession: [SERVER_LIST] registe server soulmask session succeed.
[2026.04.11-20.19.49:008][ 28]logStoreGamemode: Display: [PLAYER STORED] 76561198349338168
[2026.04.11-20.20.22:924][ 42]LogAbilitySystem: Warning: UGameplayAbility::GetAbilityLevel. Invalid AbilitySpecHandle 129944 for Ability GA_Tool_ReapSickle_Base_C_2143271508. Returning level 1.
[2026.04.11-20.21.36:759][253]logSoulmaskSession: [SERVER_LIST] registe server soulmask session succeed.
[2026.04.11-20.22.14:652][370]logStoreGamemode: Display: [PLAYER STORED] 76561198030657575
[2026.04.11-20.22.53:992][548]LogWS: ZiDongJinShi: CharacterName[Oonz's 1st Bitch] OwnerPlayerName[Oonz] UseTo[水] DaoJu[Mushroom Soup]
[2026.04.11-20.23.36:729][828]logSoulmaskSession: [SERVER_LIST] registe server soulmask session succeed.
[2026.04.11-20.24.00:642][544]logDB: Display: cleanup auto database expired hours: -1, root path: ../../../WS/Saved/Worlds/Dedicated/DLC_Level01_Main
[2026.04.11-20.25.36:759][422]logSoulmaskSession: [SERVER_LIST] registe server soulmask session succeed.
[2026.04.11-20.27.25:424][656]logStoreGamemode: Display: [PLAYER STORED] 76561198341450058
[2026.04.11-20.27.36:773][996]logSoulmaskSession: [SERVER_LIST] registe server soulmask session succeed.
[2026.04.11-20.27.53:801][505]LogNet: UChannel::ReceivedSequencedBunch: Bunch.bClose == true. ChIndex == 0. Calling ConditionalCleanUp.
[2026.04.11-20.27.53:801][505]LogNet: UChannel::CleanUp: ChIndex == 0. Closing connection. [UChannel] ChIndex: 0, Closing: 0 [UNetConnection] RemoteAddr: 47.158.121.138:63455, Name: SteamNetConnection_2143281271, Driver: GameNetDriver SteamNetDriver_2147474235, IsServer: YES, PC: BP_PlayerController_C_2143281253, Owner: BP_PlayerController_C_2143281253, UniqueId: Steam:UNKNOWN [0x11000011730C638]
[2026.04.11-20.27.53:801][505]LogNet: UNetConnection::Close: [UNetConnection] RemoteAddr: 47.158.121.138:63455, Name: SteamNetConnection_2143281271, Driver: GameNetDriver SteamNetDriver_2147474235, IsServer: YES, PC: BP_PlayerController_C_2143281253, Owner: BP_PlayerController_C_2143281253, UniqueId: Steam:UNKNOWN [0x11000011730C638], Channels: 115, Time: 2026.04.11-20.27.53
[2026.04.11-20.27.53:801][505]LogNet: UChannel::Close: Sending CloseBunch. ChIndex == 0. Name: [UChannel] ChIndex: 0, Closing: 0 [UNetConnection] RemoteAddr: 47.158.121.138:63455, Name: SteamNetConnection_2143281271, Driver: GameNetDriver SteamNetDriver_2147474235, IsServer: YES, PC: BP_PlayerController_C_2143281253, Owner: BP_PlayerController_C_2143281253, UniqueId: Steam:UNKNOWN [0x11000011730C638]
[2026.04.11-20.27.53:837][506]logStoreGamemode: Display: [PLAYER STORED] 76561198349338168
[2026.04.11-20.27.53:837][506]logStoreGamemode: Display: player leave world. 76561198349338168
[2026.04.11-20.27.54:086][514]logSoulmaskSession: [SERVER_LIST] registe server soulmask session succeed.
[2026.04.11-20.29.54:445][100]logSoulmaskSession: [SERVER_LIST] registe server soulmask session succeed.
[2026.04.11-20.31.54:513][695]logSoulmaskSession: [SERVER_LIST] registe server soulmask session succeed.
[2026.04.11-20.33.54:699][275]logSoulmaskSession: [SERVER_LIST] registe server soulmask session succeed.
[2026.04.11-20.34.00:478][448]logDB: Display: cleanup auto database expired hours: -1, root path: ../../../WS/Saved/Worlds/Dedicated/DLC_Level01_Main
[2026.04.11-20.34.00:645][453]logDB: Display: cleanup auto database expired hours: -1, root path: ../../../WS/Saved/Worlds/Dedicated/DLC_Level01_Main
[2026.04.11-20.34.33:160][426]logStoreGamemode: Display: [PLAYER STORED] 76561198030657575
[2026.04.11-20.35.54:627][866]logSoulmaskSession: [SERVER_LIST] registe server soulmask session succeed.
[2026.04.11-20.37.54:771][446]logSoulmaskSession: [SERVER_LIST] registe server soulmask session succeed.
[2026.04.11-20.39.54:597][ 33]logSoulmaskSession: [SERVER_LIST] registe server soulmask session succeed.
[2026.04.11-20.40.16:863][699]logStoreGamemode: Display: [PLAYER STORED] 76561198341450058
[2026.04.11-20.41.54:766][612]logSoulmaskSession: [SERVER_LIST] registe server soulmask session succeed.
[2026.04.11-20.43.54:823][206]logSoulmaskSession: [SERVER_LIST] registe server soulmask session succeed.
[2026.04.11-20.44.00:671][381]logDB: Display: cleanup auto database expired hours: -1, root path: ../../../WS/Saved/Worlds/Dedicated/DLC_Level01_Main
[2026.04.11-20.45.17:822][672]LogAbilitySystem: Warning: UGameplayAbility::GetAbilityLevel. Invalid AbilitySpecHandle 130387 for Ability GA_Tool_ReapSickle_Base_C_2143269652. Returning level 1.
[2026.04.11-20.45.17:855][673]LogAbilitySystem: Display: InternalServerTryActivateAbility. Rejecting ClientActivation of ability with invalid SpecHandle!
[2026.04.11-20.45.54:628][774]logSoulmaskSession: [SERVER_LIST] registe server soulmask session succeed.
[2026.04.11-20.46.48:456][385]LogAbilitySystem: Warning: UGameplayAbility::GetAbilityLevel. Invalid AbilitySpecHandle 130434 for Ability GA_Tool_ReapSickle_Base_C_2143269402. Returning level 1.
[2026.04.11-20.46.48:487][386]LogAbilitySystem: Display: InternalServerTryActivateAbility. Rejecting ClientActivation of ability with invalid SpecHandle!
[2026.04.11-20.47.47:802][162]logStoreGamemode: Display: [PLAYER STORED] 76561198341450058
[2026.04.11-20.47.54:628][367]logSoulmaskSession: [SERVER_LIST] registe server soulmask session succeed.
[2026.04.11-20.48.24:871][272]logStoreGamemode: Display: [PLAYER STORED] 76561198030657575
[2026.04.11-20.49.00:484][321]logDB: Display: cleanup auto database expired hours: -1, root path: ../../../WS/Saved/Worlds/Dedicated/DLC_Level01_Main
[2026.04.11-20.49.54:837][948]logSoulmaskSession: [SERVER_LIST] registe server soulmask session succeed.
[2026.04.11-20.51.54:648][534]logSoulmaskSession: [SERVER_LIST] registe server soulmask session succeed.
[2026.04.11-20.53.34:744][512]logStoreGamemode: Display: [PLAYER STORED] 76561198030657575
[2026.04.11-20.53.54:697][110]logSoulmaskSession: [SERVER_LIST] registe server soulmask session succeed.
[2026.04.11-20.54.00:675][289]logDB: Display: cleanup auto database expired hours: -1, root path: ../../../WS/Saved/Worlds/Dedicated/DLC_Level01_Main
[2026.04.11-20.54.09:810][562]logStoreGamemode: Display: [PLAYER STORED] 76561198341450058
[2026.04.11-20.55.48:932][530]LogAbilitySystem: Display: InternalServerTryActivateAbility. Rejecting ClientActivation of Default__GA_Shuangdao_VAttack01_C. InternalTryActivateAbility failed: 
[2026.04.11-20.55.54:902][709]logSoulmaskSession: [SERVER_LIST] registe server soulmask session succeed.
[2026.04.11-20.56.19:320][439]LogAnimMontage: Warning: JumpToSectionName FL bEndOfSection: 0 failed for Montage M_Blade_DB_BreakLeg_boy_002
[2026.04.11-20.56.20:842][484]LogAnimMontage: Warning: JumpToSectionName FL bEndOfSection: 0 failed for Montage M_Blade_DB_BreakLeg_End
[2026.04.11-20.57.54:693][277]logSoulmaskSession: [SERVER_LIST] registe server soulmask session succeed.
[2026.04.11-20.57.57:182][351]LogWS: ZhaoMuChanged Add : PlayerName[Oonz] CharacterName[Outcast (Weapon Master)] Name[BP_Egypt_M_Cus_Gift_GreatSwordHammerDualBladeFist_C_2147245341] SourceGuid[9FC7B5BB30C1442EBAC31EAC68E5C9B9] Reason:[AHCharacterRen::ZhaoMu]
[2026.04.11-20.57.57:183][351]LogWS: AHCharacterRen::ZhaoMu SourceLocation : CharacterName[Outcast (Weapon Master)] Name[BP_Egypt_M_Cus_Gift_GreatSwordHammerDualBladeFist_C_2147245341] Location[X=117491.930 Y=140907.047 Z=26441.930]
[2026.04.11-20.57.57:183][351]logHGamemode: Display: AHGameModeBase::AddRiZhi FGUID : 0DB3A02C2A2346E49CACCCB33A63FBB8 IsGongHui 1 GongHuiName[Oonz's Slaves] RiZhiType: 15 Params : Oonz   Outcast (Weapon Master)     LogExtParam: 
[2026.04.11-20.59.54:936][877]logSoulmaskSession: [SERVER_LIST] registe server soulmask session succeed.
[2026.04.11-21.00.25:809][782]logStoreGamemode: Display: [PLAYER STORED] 76561198030657575
[2026.04.11-21.01.54:702][444]logSoulmaskSession: [SERVER_LIST] registe server soulmask session succeed.
[2026.04.11-21.02.14:126][ 25]logStoreGamemode: Display: [PLAYER STORED] 76561198341450058
[2026.04.11-21.03.54:955][ 44]logSoulmaskSession: [SERVER_LIST] registe server soulmask session succeed.
[2026.04.11-21.04.00:498][210]logDB: Display: cleanup auto database expired hours: -1, root path: ../../../WS/Saved/Worlds/Dedicated/DLC_Level01_Main
[2026.04.11-21.04.00:699][216]logDB: Display: cleanup auto database expired hours: -1, root path: ../../../WS/Saved/Worlds/Dedicated/DLC_Level01_Main
[2026.04.11-21.04.11:871][550]LogWS: ZiDongJinShi: CharacterName[Wood Gather] OwnerPlayerName[HomeGirl] UseTo[食物] DaoJu[Wild Fruit]
[2026.04.11-21.05.32:344][942]logHGamemode: Display: AHGameModeBase::AddRiZhi FGUID : 0DB3A02C2A2346E49CACCCB33A63FBB8 IsGongHui 1 GongHuiName[Oonz's Slaves] RiZhiType: 28 Params : Oonz ( Oonz )   Skilled Hunter <Outcast>           LogExtParam: Location :[X=142585.516 Y=148226.047 Z=27018.535]   KillCharLocation :[X=142590.625 Y=148309.703 Z=27012.795]
[2026.04.11-21.05.32:344][942]LogWS: Warning: ============== Oonz ( Oonz ) BP: BP_EgyptDLC_PlayerBase_F_C_2143408133 濒死 Begin =================
[2026.04.11-21.05.32:344][942]LogWS: Warning: GEName: Default__DamageType_Jab_C
[2026.04.11-21.05.32:344][942]LogWS: Warning: 濒死对象 主人:(SteamId:76561198341450058 Uid:9FC7B5BB30C1442EBAC31EAC68E5C9B9) 公会:(Uid:0DB3A02C2A2346E49CACCCB33A63FBB8 Name:Oonz's Slaves)
[2026.04.11-21.05.32:344][942]LogWS: Warning: 来源对象  
[2026.04.11-21.05.32:344][942]LogWS: Warning: Location: 142585,148226,27018
[2026.04.11-21.05.32:344][942]LogWS: Warning: BeiKongZhi: 1
[2026.04.11-21.05.32:344][942]LogWS: Warning: ChuShiBody: 1
[2026.04.11-21.05.32:344][942]LogWS: Warning: ShengYuFuZhong: 88.0
[2026.04.11-21.05.32:344][942]LogWS: Warning: IsRenWuXiuMian: 0
[2026.04.11-21.05.32:344][942]LogWS: Warning: Bag Use Size: 27
[2026.04.11-21.05.32:344][942]LogWS: Warning: IsChuZhan: 0
[2026.04.11-21.05.32:344][942]LogWS: Warning: IsTingZhiAI: 0
[2026.04.11-21.05.32:344][942]LogWS: Warning: WaiJieWenDu: 26.992708, WenDu: 24.592709
[2026.04.11-21.05.32:344][942]LogWS: Warning: ============== Oonz ( Oonz ) 濒死 End =================
[2026.04.11-21.05.38:054][113]LogWS: Warning: 死亡日志 : You Are Dead, Name = Oonz ( Oonz ) [主人:(SteamId:76561198341450058 Uid:9FC7B5BB30C1442EBAC31EAC68E5C9B9) 公会:(Uid:0DB3A02C2A2346E49CACCCB33A63FBB8 Name:Oonz's Slaves)], Killer = Skilled Hunter <Outcast> () [ ], GA = Default__GA_Spear_Attack02_C, GE = Default__DamageType_Jab_C
[2026.04.11-21.05.38:054][113]LogWS: Warning: 死亡日志2 : You Are Dead, Name = Oonz ( Oonz ) [主人:(SteamId:76561198341450058 Uid:9FC7B5BB30C1442EBAC31EAC68E5C9B9) 公会:(Uid:0DB3A02C2A2346E49CACCCB33A63FBB8 Name:Oonz's Slaves)], Temp = 24.59, OuterTemp = 26.99, TempLvl = 0, WenDuAdd = 0.00, BaoNuan = 0.00, SanRe = 0.00, Loc = (142585.515625, 148226.046875, 27018.535156)
[2026.04.11-21.05.38:054][113]logHGamemode: Display: AHGameModeBase::AddRiZhi FGUID : 0DB3A02C2A2346E49CACCCB33A63FBB8 IsGongHui 1 GongHuiName[Oonz's Slaves] RiZhiType: 14 Params : Oonz ( Oonz )   Skilled Hunter <Outcast>           LogExtParam: Location :[X=142585.516 Y=148226.047 Z=27018.535]   KillCharLocation :[X=142586.812 Y=148279.125 Z=27013.822]
[2026.04.11-21.05.38:060][113]LogWS: ZhaoMuChanged Delete : PlayerName[Oonz] CharacterName[Barbarian] Name[BP_EgyptDLC_PlayerBase_F_C_2143408133] SourceGuid[9FC7B5BB30C1442EBAC31EAC68E5C9B9] Reason:[AHCharacterRen::OnSiWangChanged]
[2026.04.11-21.05.53:518][576]logHGamemode: Display: AHGameModeBase::AddRiZhi FGUID : 0DB3A02C2A2346E49CACCCB33A63FBB8 IsGongHui 1 GongHuiName[Oonz's Slaves] RiZhiType: 28 Params : Outcast (Weapon Master) < Oonz >   Novice Hunter <Outcast>           LogExtParam: Location :[X=142167.766 Y=148520.141 Z=27032.646]   KillCharLocation :[X=142081.672 Y=148432.734 Z=27030.697]
[2026.04.11-21.05.53:518][576]LogWS: Warning: ============== Outcast (Weapon Master) < Oonz > BP: BP_Egypt_M_Cus_Gift_GreatSwordHammerDualBladeFist_C_2147245341 濒死 Begin =================
[2026.04.11-21.05.53:518][576]LogWS: Warning: GEName: Default__DamageType_Jab_C
[2026.04.11-21.05.53:518][576]LogWS: Warning: 濒死对象 主人:(SteamId:76561198341450058 Uid:9FC7B5BB30C1442EBAC31EAC68E5C9B9) 公会:(Uid:0DB3A02C2A2346E49CACCCB33A63FBB8 Name:Oonz's Slaves)
[2026.04.11-21.05.53:518][576]LogWS: Warning: 来源对象  
[2026.04.11-21.05.53:518][576]LogWS: Warning: Location: 142167,148520,27032
[2026.04.11-21.05.53:518][576]LogWS: Warning: XingWeiMoShi: 3
[2026.04.11-21.05.53:518][576]LogWS: Warning: Controler: BP_BuLuo_Controller_C_2147245317
[2026.04.11-21.05.53:518][576]LogWS: Warning: BeiKongZhi: 0
[2026.04.11-21.05.53:518][576]LogWS: Warning: ChuShiBody: 0
[2026.04.11-21.05.53:518][576]LogWS: Warning: ShengYuFuZhong: 111.5
[2026.04.11-21.05.53:518][576]LogWS: Warning: IsRenWuXiuMian: 0
[2026.04.11-21.05.53:518][576]LogWS: Warning: Bag Use Size: 0
[2026.04.11-21.05.53:518][576]LogWS: Warning: IsChuZhan: 1
[2026.04.11-21.05.53:518][576]LogWS: Warning: IsTingZhiAI: 0
[2026.04.11-21.05.53:518][576]LogWS: Warning: WaiJieWenDu: 26.967619, WenDu: 24.000000
[2026.04.11-21.05.53:518][576]LogWS: Warning: ============== Outcast (Weapon Master) < Oonz > 濒死 End =================
[2026.04.11-21.05.54:769][614]logSoulmaskSession: [SERVER_LIST] registe server soulmask session succeed.
[2026.04.11-21.06.00:302][779]LogWS: ZhaoMuChanged Add : PlayerName[Oonz] CharacterName[Oonz] Name[BP_EgyptDLC_PlayerBase_F_C_2143263482] SourceGuid[9FC7B5BB30C1442EBAC31EAC68E5C9B9] Reason:[AHPlayerState::ChongSheng]
[2026.04.11-21.07.54:996][212]logSoulmaskSession: [SERVER_LIST] registe server soulmask session succeed.
[2026.04.11-21.09.05:261][297]logHGamemode: Display: AHGameModeBase::AddRiZhi FGUID : 0DB3A02C2A2346E49CACCCB33A63FBB8 IsGongHui 1 GongHuiName[Oonz's Slaves] RiZhiType: 28 Params : Outcast (Weapon Master) < Oonz >   Oonz   ( Oonz )        LogExtParam: Location :[X=139400.859 Y=158092.703 Z=28731.469]   KillCharLocation :[X=139225.078 Y=158161.016 Z=28725.576]
[2026.04.11-21.09.05:261][297]LogWS: Warning: ============== Outcast (Weapon Master) < Oonz > BP: BP_Egypt_M_Cus_Gift_GreatSwordHammerDualBladeFist_C_2147245341 濒死 Begin =================
[2026.04.11-21.09.05:261][297]LogWS: Warning: GEName: Default__GE_PartInjure_Gu01_Jiao_C
[2026.04.11-21.09.05:261][297]LogWS: Warning: 濒死对象 主人:(SteamId:76561198341450058 Uid:9FC7B5BB30C1442EBAC31EAC68E5C9B9) 公会:(Uid:0DB3A02C2A2346E49CACCCB33A63FBB8 Name:Oonz's Slaves)
[2026.04.11-21.09.05:261][297]LogWS: Warning: 来源对象 主人:(SteamId:76561198341450058 Uid:9FC7B5BB30C1442EBAC31EAC68E5C9B9) 公会:(Uid:0DB3A02C2A2346E49CACCCB33A63FBB8 Name:Oonz's Slaves)
[2026.04.11-21.09.05:261][297]LogWS: Warning: Location: 139400,158092,28731
[2026.04.11-21.09.05:261][297]LogWS: Warning: XingWeiMoShi: 7
[2026.04.11-21.09.05:261][297]LogWS: Warning: Controler: BP_BuLuo_Controller_C_2147245317
[2026.04.11-21.09.05:261][297]LogWS: Warning: BeiKongZhi: 0
[2026.04.11-21.09.05:261][297]LogWS: Warning: ChuShiBody: 0
[2026.04.11-21.09.05:261][297]LogWS: Warning: ShengYuFuZhong: 111.8
[2026.04.11-21.09.05:261][297]LogWS: Warning: IsRenWuXiuMian: 0
[2026.04.11-21.09.05:261][297]LogWS: Warning: Bag Use Size: 0
[2026.04.11-21.09.05:261][297]LogWS: Warning: IsChuZhan: 1
[2026.04.11-21.09.05:261][297]LogWS: Warning: IsTingZhiAI: 0
[2026.04.11-21.09.05:261][297]LogWS: Warning: WaiJieWenDu: 26.786684, WenDu: 24.000000
[2026.04.11-21.09.05:261][297]LogWS: Warning: ============== Outcast (Weapon Master) < Oonz > 濒死 End =================
